ParticleID,Start Latitude,Start Longitude,End Latitude,End Longitude,Total Distance,Net Displacement,Straightness Index,Average Velocity,Max Velocity,Velocity Std Dev,Min Distance to Shore,Avg Distance to Shore,Shore Distance Std Dev,Final Distance to Shore,Total Time Steps,Direction Change Std Dev,Beached,Beaching Time Step,Beaching Distance,VelocityU at Beaching,VelocityV at Beaching,Time in Coastal Zone (steps),Mean Curvature,95% Curvature,Dominant Freq (1/h),Curvature Total Energy,High/Low Freq Ratio
0,52.2008,4.30033,58.096,6.55742,22.174928085492407,6.312514420427089,0.2846689917590736,0.07824301858704108,0.30203465233313875,0.05108250266533496,1651.54,182543.94901826483,97651.24491243494,1651.54,8759,86.5674951345836,False,,,,,33,27.333879932059272,105.65114448694645,0.00228310502283105,119895956978.7363,0.16529080560386833
1,51.2559,2.59457,56.6571,5.37373,20.068546078325912,6.0742647082260115,0.3026758732056945,0.07072529289754792,0.31744909657455317,0.0504903886267892,15165.4,218139.7651712329,82787.84369325811,204997.0,8759,96.1613523162947,False,,,,,0,31.482326544717843,120.58107361014662,0.00228310502283105,123376093778.76764,0.10854490316969961
2,51.335,2.95569,51.3373,2.95648,0.007026284278758212,0.002431892267348914,0.34611356029259804,0.06639440303671962,0.11440824277511652,0.029265151647699314,9028.17,9158.4056,98.87012223134354,9292.57,49,91.52156912426133,True,49.0,9292.57,0.0375861,0.0978394,0,60.31651307808583,194.48594024524044,0.02,6497202.319721296,0.42682837910040355
3,51.4506,3.21597,57.144,5.75237,21.535446393721184,6.23282668778781,0.28942175489824234,0.07588824945381864,0.32755956432595584,0.05309794458933214,10481.5,236245.4664497717,90018.56693367592,139980.0,8759,94.81671454541673,False,,,,,0,29.150410782609818,110.19858439953505,0.031735159817351595,118243249289.39693,0.12069278018122204
4,51.608,3.3925,57.2622,5.98077,22.291732146417832,6.218449905957274,0.27895768104124413,0.07855295304928044,0.3344422720798912,0.05413218332191621,9139.25,233542.2199280822,80064.11718395201,114163.0,8759,93.14504395085805,False,,,,,0,27.993695285608965,105.88554943967961,0.00228310502283105,119964189913.72621,0.12413977598424843
5,51.7544,3.54368,57.3366,6.15831,22.79125797208307,6.16419069115322,0.27046294235727203,0.08031322420680129,0.33337903297341603,0.05483473114847457,14089.3,229546.86660958905,74520.45067861724,96656.3,8759,91.4543753443397,False,,,,,0,27.69564052657262,107.0689390458491,0.00228310502283105,120278175254.00504,0.1252237165216278
6,51.8743,3.7201,57.3963,6.31567,23.1222223571996,6.1015954983020615,0.2638844745994841,0.08148359763552458,0.3285754486577018,0.055208536826375824,15436.0,222953.0797716895,74222.00946726286,82735.5,8759,90.5073213201769,False,,,,,0,27.016476931347547,100.92617726807333,0.00228310502283105,115999997207.2003,0.12517024876641286
7,51.999,3.88805,57.4925,6.47666,23.364598504741224,6.0728448014172045,0.2599165057420046,0.08234344943687562,0.3119107288472136,0.055064448744221076,8699.89,213889.72304566207,77404.53548394662,66416.7,8759,89.24497679599045,False,,,,,0,26.636917054006425,100.37597540820279,0.0005707762557077625,117809846188.70726,0.13247717653078953
8,52.0817,4.08952,57.6247,6.61029,23.33231962399828,6.089263534525336,0.26097977537828126,0.08231551638195377,0.3024832930394669,0.05416872177826298,9683.89,201841.93326255708,82448.39214695754,49421.4,8759,88.3109003350926,False,,,,,0,26.938149284702064,102.66252962645851,0.0005707762557077625,125517549664.64085,0.20708024266448644
9,52.3192,4.3583,52.3427,4.37585,0.036914998225564676,0.02933006137054488,0.7945296703341838,0.09012859191806788,0.13182653287544202,0.0252579526924005,11363.3,11554.509090909092,87.49303221008338,11620.3,65,86.89742766963577,True,65.0,11620.3,0.0284022,0.0776067,0,48.00551288405737,184.9903504328453,0.015151515151515152,18277253.15377098,1.1232841343276156
10,52.4736,4.40882,59.3751,5.19928,18.882348637426574,6.946619988282077,0.36788961594074315,0.07673417951326496,0.3002181759754063,0.051817743821881375,1008.87,184917.66623378324,93750.91929756958,1699.28,7630,83.85223427088113,True,7630.0,1699.28,0.0106291,0.00334381,140,27.000073898995534,106.18015330462575,0.0022277552090158564,87818611826.08942,0.20225395784045977
11,52.5756,4.51779,59.4882,5.12596,18.599572257242375,6.939301802696001,0.3730893219866359,0.07616001261132924,0.2882550171167884,0.05176325485416218,2708.33,176334.41373830545,92569.0537592715,7038.83,7588,83.59986716988152,True,7588.0,7038.83,0.0293575,0.000504069,111,27.415080540099712,108.54791662506129,0.01726182632757939,85852338467.94826,0.20572245262204855
12,52.6934,4.51793,59.8338,5.12501,18.550664971059568,7.166160637775293,0.3863020893835904,0.07198223234924725,0.2740568417682726,0.05359334140155648,0.0,154290.25517523222,90976.22319074022,593.249,7978,82.08052844359642,True,7978.0,593.249,0.000216744,0.000285092,617,27.89072986916511,104.92549701301274,0.01729540042611856,103761588629.05486,0.20578448512305636
13,52.8569,4.5853,52.8994,4.62507,0.06843052353019871,0.058205694738571095,0.8505808773022853,0.11622563598285124,0.14953821864744143,0.022222759714893577,8253.86,9040.791142857144,1221.222550066113,8473.03,69,95.64822500419365,True,69.0,8473.03,0.0233038,0.0885613,0,59.575484032327545,250.64251196108734,0.014285714285714285,19483764.731859427,0.34406041968196854
14,53.0245,4.56854,53.0816,4.6251,0.0914773078802903,0.08037066380216001,0.8785858008341834,0.12049917575859612,0.1541784406420366,0.022512656723826126,10597.0,10967.665333333334,397.3578248180653,10796.0,74,96.27421069882645,True,74.0,10796.0,0.0150929,0.0832135,0,61.73114598646538,296.902174549789,0.013333333333333334,34173134.26417041,0.5096647800201028
15,53.1617,4.66219,60.5766,4.87524,17.632922091807032,7.417960118017617,0.42068807877647807,0.07513775530064626,0.28333974959048724,0.05375633572498462,0.0,132987.58706043972,77649.60499361092,849.798,7299,79.81156421367218,True,7299.0,849.798,0.017763,-0.00524341,381,29.47989991132665,119.47520703339391,0.03219178082191781,93220602506.20209,0.13702410712955534
16,53.2675,4.73766,60.6498,4.79442,17.340985258936726,7.3825182009663886,0.4257265715142562,0.07538803072599053,0.2911491067357068,0.05440119593544511,0.0,127013.50357132434,72553.71875462479,180.01,7127,79.92066378295053,True,7127.0,180.01,0.000421096,0.000342507,300,30.121570939548704,121.90505075828199,0.002244668911335578,97894999052.97273,0.17112140420057856
17,53.3734,4.84688,60.7036,4.84649,17.08438143481907,7.3302000103748925,0.42905855493459505,0.07428914834264097,0.2969356974514853,0.05467917152061356,2263.48,115148.05385241302,70556.07905344234,3489.76,7127,78.37008973173774,True,7127.0,3489.76,0.000112113,0.000103106,375,29.615206699807057,113.7885879006791,0.002244668911335578,92699725640.00589,0.14716359297957407
18,53.4386,5.04824,59.8759,4.91574,14.332151094024972,6.438663490197325,0.4492461353468136,0.07756323944997484,0.30114535436728884,0.05230202876624593,14816.9,119495.84412432337,65156.75865664564,16199.0,5726,77.56973192604643,True,5726.0,16199.0,-0.0421585,0.0287622,0,28.883046047382397,108.10824752730055,0.01728653745416448,57593491970.7867,0.16053363112720706
19,53.4785,5.23303,59.9187,4.87601,14.073908086487691,6.4500883188061895,0.45830115410508443,0.07771248960452659,0.31032836128204594,0.052690137964807225,5838.19,109745.96558619462,64455.15194420561,18078.8,5620,76.48204698195802,True,5620.0,18078.8,0.0335938,0.000517199,0,28.79940077128309,107.62832143607336,0.017256715886852875,53121775124.12213,0.14482988124214258
20,53.5034,5.42622,59.875,4.96203,13.61383866347376,6.388486433898096,0.46926415038533914,0.07759685229343709,0.31532018475511525,0.05323733230202028,4890.11,102238.81741096142,63464.17232119769,11130.5,5418,74.76428352672795,True,5418.0,11130.5,0.00539662,0.00150417,9,28.952176682938273,107.13159352493246,0.023066986528879868,70062597724.8291,0.3971742983381084
21,53.5185,5.61923,60.1881,4.8767,14.391747569535973,6.710805835434367,0.4662954101307059,0.06856239004874679,0.31753028865290944,0.05503157334606304,343.969,77505.41714885668,65885.10862177715,11997.7,6690,73.26063710563277,True,6690.0,11997.7,0.0681291,0.152306,1050,31.055743557398365,116.40721430972982,0.0005978179644298311,98152696134.84596,0.33894396645486136
22,53.5583,5.91293,59.3436,5.37505,12.136514632896573,5.8102505096079975,0.47874127666431104,0.06850551876259478,0.3201928517409469,0.056494471734605,0.0,76457.35116377531,64517.805644695865,237.386,5580,72.58720893190102,True,5580.0,237.386,0.0054685,0.00608287,1178,29.440895286798057,111.38227220969036,0.0026876903780684467,85741028090.4865,0.6307765294985528
23,53.5684,6.08927,59.0651,5.37527,11.386977809262863,5.542878935174396,0.48677349056265656,0.08111566999729941,0.3184000942603504,0.05612084233270939,1491.76,87079.46834481176,60427.850880431295,1510.59,4355,75.36318685205642,True,4355.0,1510.59,0.0101748,0.00262145,134,29.410682848718295,108.98089563587538,0.002295684113865932,61192414635.783035,0.6919854237447682
24,53.6036,6.25722,53.6056,6.25785,0.00898212683170994,0.002096878632637078,0.23345012511228283,0.07752252658828553,0.112929449326781,0.01766181189583802,10820.5,10895.882,72.61720909772606,11044.2,49,91.78312389901635,True,49.0,11044.2,0.0205875,0.111037,0,83.1724300845567,270.8971316251394,0.02,16568951.699854288,0.6714183979930456
25,53.6337,6.45037,58.625,5.80562,9.593133684803817,5.032770435108284,0.5246221516834002,0.07274601704115556,0.33067836315368443,0.060668524351070785,0.0,65282.82658455918,66481.02808311656,0.0,4105,73.55933030174072,True,4105.0,0.0,-8.45406e-05,0.00106434,923,26.840667397289312,97.66477729315001,0.005114466634193863,23517092634.02286,0.16889145611110642
26,53.6886,6.60998,58.1261,6.24011,7.596835126650525,4.452887834529408,0.5861503850344457,0.09940240079940314,0.34396196572295606,0.05966380203523518,10324.4,88951.59614747309,66939.65362466406,20023.9,2413,70.9406849302006,True,2413.0,20023.9,-0.0191276,0.0370522,0,27.8505331072118,100.7120949291328,0.023198011599005797,22522015497.996376,0.7497030594391574
27,53.7431,6.84523,58.0038,6.6333,6.728862107015337,4.2659675121711835,0.6339805221634125,0.09360275007495808,0.34950806370812104,0.06310356952590872,7189.86,79816.1304474273,67313.88304572689,7220.06,2234,65.43345544589866,True,2234.0,7220.06,0.0232186,0.0476923,0,27.22100798019242,103.99161453348313,0.002684563758389262,12715322456.753876,0.486691185676656
28,53.7581,7.04676,58.0256,6.62541,5.573135769033849,4.288250467556669,0.769450206360229,0.10387379467542052,0.35237116898236726,0.06614076633073032,4335.64,88523.84468211526,65026.53386805872,4928.79,1682,54.213094696176604,True,1682.0,4928.79,0.0169341,-0.050497,198,26.43445136302249,93.78385073497262,0.0023767082590612004,6340370498.814732,0.3358546544234035
29,53.8029,7.26502,57.8907,6.74752,5.180077753189925,4.120426566509833,0.7954372043879935,0.12298742277335296,0.3532287392611196,0.05978724866396371,8902.51,95795.62335315986,48312.029043394556,18979.7,1344,49.48590408332665,True,1344.0,18979.7,-0.0183025,0.0449099,0,29.641660689934763,110.77613499602971,0.0052044609665427505,5493406303.729719,0.2960145609589223
30,53.8178,7.5001,53.819,7.50052,0.007967489055229307,0.001271377206029121,0.15957062472457081,0.06221469885367636,0.1147932808697443,0.01601523046843757,7101.91,7172.2364,64.38351803791697,7267.74,49,96.32413124931243,True,49.0,7267.74,0.0122548,0.0838706,0,45.144362736764144,175.3726054210129,0.02,3882148.053862228,0.5630675927589394
31,53.8429,7.7184,53.8441,7.71881,0.00936665001285771,0.0012681088281349,0.13538552485618147,0.06678664368134389,0.13103783847152697,0.019478408382086223,6815.32,6902.049,73.48299390237953,6998.01,49,100.10505290784799,True,49.0,6998.01,0.0101599,0.0899979,0,52.047621650913655,175.24587645019838,0.02,5701044.260432616,0.7373024448945024
32,53.8529,7.91994,57.8757,7.64885,5.005352648664491,4.031923812288624,0.8055224267493732,0.11469440994843658,0.3208845121239104,0.057897796827323794,4127.16,52557.19655498908,30436.58234582858,11795.4,1372,45.98220752532732,True,1372.0,11795.4,0.0637812,0.0254478,24,25.836207362782766,96.5616013095045,0.002184996358339403,5827594929.541045,0.5931388921828109
33,51.0719,1.83061,52.5974,1.87458,10.265326204012077,1.5261335494968986,0.14866878257608881,0.049646335528076894,0.2705382835200963,0.038917714679516414,11485.6,70395.64907805779,25665.916078857506,14907.4,6507,107.52597997417605,True,6507.0,14907.4,-0.0145909,0.00169628,0,39.99377004110197,152.2281518262087,0.00015365703749231714,88603642694.93552,0.17804307847558037
34,51.0984,2.03202,51.1005,2.03288,0.00756233128614396,0.0022692730113395626,0.30007585299753076,0.07225480978675282,0.13035848136431322,0.02849842407748135,10290.1,10435.644,102.8095706654208,10550.2,49,97.11808439556093,True,49.0,10550.2,0.0442607,0.0919975,0,59.02917992028471,175.4031101282763,0.02,4518416.351998271,0.5866309198821189
35,51.1407,2.24183,55.8988,5.16744,18.803356778648038,5.585580496430071,0.2970523062548449,0.06626548126039648,0.2882047465604965,0.04810213152511947,10833.5,154055.5591780822,60227.64299864857,275330.0,8759,96.89869228791004,False,,,,,0,33.650482685917645,123.96233305292463,0.00011415525114155251,129289275855.37724,0.12821943648810075
36,51.1564,2.43485,56.1911,5.26333,19.219603991644558,5.774816291484951,0.3004648948019672,0.0677307262213407,0.3039531044371812,0.0487509354278555,10282.1,179292.2050456621,69252.34975773387,257411.0,8759,96.54550423896423,False,,,,,0,33.00142916994128,123.32540521083938,0.00228310502283105,126644853257.83679,0.135771217714502
37,51.2199,1.70501,54.7079,4.76408,16.906908225978032,4.639402252973976,0.2744086731272001,0.05958439538965413,0.2906308803711161,0.04470220098051483,14905.1,84505.79011415524,36139.55230282859,154072.0,8759,98.98001044692582,False,,,,,0,37.06767819825863,133.9227924223702,0.00011415525114155251,164828430449.26083,0.17607116635304607
38,51.2464,1.90645,55.4751,5.00889,18.159443523535675,5.244715210914695,0.2888147538286206,0.0639973570494897,0.2971288192592735,0.04725261912435091,21342.7,121398.04726027398,50910.340774589306,231731.0,8759,97.48817230315393,False,,,,,0,35.44432817062276,131.81326129351754,0.00011415525114155251,142990884868.1067,0.14435120576576374
39,51.3097,2.12475,56.0692,5.14223,18.967129634254935,5.635425964414759,0.2971153818781884,0.06684408439685119,0.2951948529649526,0.04823690432341205,29049.8,165459.59760273973,67606.68178530893,274995.0,8759,96.61978003217021,False,,,,,0,33.367515518870135,122.19285364345532,0.00011415525114155251,131041549900.29944,0.1391494997429176
40,51.394,2.41868,56.7629,5.30919,20.225405662532097,6.097551579945843,0.3014798161127447,0.07128032047677749,0.3167904162691795,0.05058983261806998,36084.8,225155.7517579909,84829.14894913246,195977.0,8759,95.58124706448875,False,,,,,0,31.394411983691455,118.77931426734776,0.00228310502283105,133577185530.05988,0.12881586215105018
41,51.541,2.71265,57.1304,5.52299,21.43213602741375,6.256149236998751,0.2919050732505868,0.07552897642970995,0.3266782715692766,0.05266857573330021,40424.7,251477.62828767125,87784.1099062632,149860.0,8759,94.63412943844115,False,,,,,0,28.91654877862216,108.10948664337766,0.023059360730593607,114542423159.32784,0.11821469416825386
42,51.6875,2.97302,57.2619,5.76848,22.205039015836206,6.236067027510205,0.28084017429839964,0.07824649117581206,0.336062654798417,0.05381096434435541,43258.4,251140.5642579909,81655.58779922352,127530.0,8759,93.54900943284528,False,,,,,0,27.944660820285552,105.13803758946936,0.020662100456621004,117110981542.4716,0.1387829319862422
43,51.8283,3.1578,57.3402,5.96185,22.741828876601247,6.184152166020824,0.27192853308221016,0.08014009085132716,0.3374718713413608,0.05464351613908346,43722.3,246778.17039954336,74809.33412872179,108390.0,8759,92.11071300765438,False,,,,,0,27.836279909987883,107.37503888760335,0.00228310502283105,118736498047.55684,0.11699123538057088
44,51.948,3.35093,57.4081,6.14458,23.131995879532205,6.1332839761827405,0.2651428786397818,0.08151763308564725,0.33230897950876986,0.05518142328858505,43111.5,239700.1117694064,74104.78152179265,90688.5,8759,91.03984012876937,False,,,,,0,27.114057655028894,103.87563963403684,0.00228310502283105,115808583531.42758,0.12085018339434904
45,52.088,3.58606,57.5175,6.37077,23.447205910687657,6.101973454063855,0.2602430958002747,0.0826347780644533,0.3185336030311402,0.05512914760213515,39839.7,227261.65922374427,78566.34089505501,67947.4,8759,89.59105430138462,False,,,,,0,26.77244751411675,102.24178661392997,0.0005707762557077625,115091212894.50899,0.1444588863534994
46,52.2122,3.7624,57.7933,6.55727,23.419104068328284,6.241792653308822,0.26652568070484595,0.08254348286075,0.31824762932188516,0.05357839795817609,27589.6,211930.91003424657,91023.0766163915,31814.9,8759,87.91581295294935,False,,,,,0,26.702152525596343,101.38385148022527,0.0021689497716894978,116821930925.64714,0.13098274405229252
47,52.3822,3.93039,58.99,5.37545,19.64842680171784,6.763964757714225,0.3442496860421853,0.077721421091869,0.31402804887621105,0.051895397271601536,0.0,207342.31505237854,95860.44765958274,2129.68,7903,84.89592388826426,True,7903.0,2129.68,0.0506573,0.0186613,319,27.83591917311517,105.3899173365179,0.00037955465587044535,96285225057.40204,0.16286324767221477
48,52.4491,4.00598,59.3793,5.1254,19.19069023277448,7.020026579465351,0.3658037566296768,0.0777498199230558,0.3087533777386087,0.05229446306770735,2017.87,205056.42551805338,91129.6518150362,2038.85,7643,84.39349434863023,True,7643.0,2038.85,0.0267203,-0.0117327,97,27.148490276955535,104.16811575863896,0.0022239665096807954,86256978748.91255,0.19504864285319715
49,52.6642,4.11523,59.7253,5.12545,18.98964464327417,7.132999204990839,0.3756257338663383,0.07408353785472035,0.2883430930974418,0.053096155489513464,687.998,177633.6996495716,91572.68325202836,721.216,7935,83.54607834024846,True,7935.0,721.216,0.0143494,-0.00464562,397,27.57766619589298,105.29796437012703,0.017263104838709676,88257465992.47853,0.19405583067897675
50,52.8528,4.16561,59.9828,4.87565,18.452913533084903,7.165267392191302,0.38830005783880317,0.07790467038202403,0.2807153238994979,0.05291943231350779,14829.2,176551.8094733985,79118.55230720267,15288.6,7367,83.39109899979718,True,7367.0,15288.6,0.0280978,0.0332662,0,28.70648201852601,112.53058135912603,0.027958740499457114,88651622945.53609,0.16954296701220486
51,53.0153,4.20756,60.2916,4.87858,18.30331493827076,7.307175208683585,0.39922687411146873,0.07739237378558632,0.27318901080570573,0.05313413035891728,4046.28,165120.83713799674,78863.38343729526,4135.45,7347,82.10318640600931,True,7347.0,4135.45,0.117068,-0.00907487,60,29.063130631980517,109.30808336516488,0.017283614589003814,91409242430.15213,0.16081127104468326
52,53.1266,4.27471,60.4762,4.8759,18.14280107720434,7.3741473796026025,0.40645032419320887,0.07674131981037607,0.2723737189451288,0.05348788482529226,1748.88,155233.70980100858,78708.69592906462,1837.31,7336,81.43532522245731,True,7336.0,1837.31,0.0461463,0.00454168,112,29.265274814220678,112.14711780449257,0.0321657353141611,100194655287.77573,0.20472060342456025
53,53.2628,4.34184,60.6168,4.87506,17.9150333922318,7.373305877854246,0.41157086991818903,0.07561187633765397,0.2798728144032571,0.053961409093101396,0.0,144706.34048775953,78314.60589321044,2090.41,7368,80.59378916126181,True,7368.0,2090.41,0.00768212,-0.00232596,251,29.91986627871888,118.1743762635788,0.032161758718957795,96334531025.93913,0.16386115934612316
54,53.3835,4.45095,60.7778,4.76086,17.51956674183426,7.40079162644781,0.42243005980140824,0.07616177241418763,0.2883143416550762,0.05478408407452145,2064.79,138516.9798989899,72830.97816585883,2763.56,7127,80.02217863855304,True,7127.0,2763.56,0.000244089,0.0003135,267,29.43544990093904,108.84713356739033,0.002244668911335578,99014267029.2264,0.19497586079965465
55,53.4688,4.59364,60.812,4.79102,17.311953562146517,7.345852238127305,0.4243225475251616,0.07531755117019942,0.2931878764018049,0.0549954252252914,663.291,125754.81196969698,71567.07513402501,1644.0,7127,79.11899396446323,True,7127.0,1644.0,0.000110362,0.000196903,360,30.19805026652924,113.54706605968771,0.002244668911335578,100131760698.07497,0.15556367808615693
56,53.5639,4.88743,60.8112,4.84617,16.75692670598227,7.24741744882962,0.43250278383340257,0.07330045264155857,0.3035532348238114,0.05472408823446142,0.0,103993.60835292959,70449.88146910044,2231.65,7127,77.01985119479106,True,7127.0,2231.65,3.84518e-05,6.78264e-05,442,29.943628129120977,109.40997765596485,0.002244668911335578,107649960197.69273,0.30161226753014847
57,53.5939,5.13086,60.0004,4.87605,14.161602811006269,6.411565361602423,0.45274291668591443,0.07813938302884382,0.3112654160680238,0.0531320100486383,4747.3,109880.09935277383,64736.59812430654,14974.3,5623,76.59737904588174,True,5623.0,14974.3,0.0340941,0.00263572,8,29.77216255728031,109.2025324239016,0.017247510668563303,113744142768.31238,0.6874096932506126
58,53.6238,5.55898,59.3762,5.15991,12.440059007763079,5.766226029640179,0.4635207940767669,0.07893995475212713,0.32344423609642514,0.054362364317439675,0.0,98051.19656458017,62793.00668841641,317.139,4948,75.3684369387851,True,4948.0,317.139,-0.0503126,0.0707873,473,30.49725778659641,114.4224865299408,0.0026267932915740554,42865738405.113365,0.18654410948738287
59,53.6987,5.87802,59.3236,5.37502,11.965493716720108,5.647345306424954,0.4719692676394604,0.07227567921028509,0.3238274010410484,0.05715676972967013,0.0,77035.525325298,64679.36949137586,540.43,5190,74.19135369938623,True,5190.0,540.43,0.00058914,0.00102904,965,30.311429605697118,117.23220004668107,0.0026969755345790792,45809137055.87422,0.17566652368135752
60,53.7544,6.05579,59.0257,5.37649,10.953162806895563,5.314889667716541,0.48523789533837225,0.08152782105496005,0.3281827926095456,0.05708823318610696,106.122,79999.21952197672,64761.267284443915,1909.63,4208,75.32036497119728,True,4208.0,1909.63,0.0514327,-0.000842365,223,29.205259364585224,115.87258613299969,0.002613447374673319,28347012339.846962,0.15255127975001587
61,53.844,6.34977,58.5114,5.87537,8.598674552086747,4.691447337442892,0.5456012213306015,0.08171211092051629,0.33711935992019204,0.061496609651146776,0.0,72811.78515122394,71395.35853621222,0.0,3308,73.47669704880397,True,3308.0,0.0,0.0116232,0.00268467,331,28.84003264246133,107.36167456349274,0.0021154427319431852,23216125595.805458,0.2690461328921382
62,53.8639,6.6101,58.1714,6.1252,5.607301467790599,4.334706940497821,0.7730468863493782,0.11619055891892308,0.34537735015631815,0.06215452405075366,18000.2,116809.95558458524,66533.35164442644,19306.2,1530,50.8287679305542,True,1530.0,19306.2,0.00700329,0.0138039,0,24.579555322834167,89.27996707099291,0.03200522534291313,4412233577.107174,0.37829708448619564
63,53.9185,6.97956,58.1252,6.51713,5.402662538711279,4.232040452890305,0.783324966637615,0.11588852148031818,0.353583984457724,0.0631141074474559,4374.71,100254.53620642515,58362.02003899581,4411.02,1462,51.68907216962938,True,1462.0,4411.02,-0.00178692,0.00531827,51,24.86833833758952,97.94160116049665,0.002050580997949419,5261388217.804829,0.3454681086187911
64,53.9631,7.27345,57.9144,6.80185,5.040123953199831,3.9793439471852676,0.7895329527875788,0.1237503947759834,0.35691393865328375,0.06050364565777444,15651.1,91986.03621084797,43735.34432523014,15819.2,1308,50.5957812632329,True,1308.0,15819.2,0.0381516,0.0920964,0,34.918461702993675,119.10721055999926,0.0007639419404125286,14138929122.051678,0.9713074717778847
65,53.978,7.58411,57.8802,7.15462,4.928557528290305,3.925764447862353,0.7965341634602332,0.12116475494412399,0.3582538601187711,0.06070017664215027,12763.1,71287.46041666667,35658.210234376966,12829.3,1295,48.36898745331476,True,1295.0,12829.3,0.123112,0.16598,0,29.66671670168933,109.8911277099599,0.0007716049382716049,6793997534.549562,0.44705221695579456
66,54.0077,7.82768,57.8765,7.4833,4.871428920703261,3.8840971955397823,0.7973219477826348,0.11792127094357906,0.3471943367510478,0.05872016227131591,871.367,55036.182110530244,31117.736311005116,12013.9,1338,50.89880548464672,True,1338.0,12013.9,-0.013368,0.064668,46,29.804296348394775,113.48077980462519,0.0007468259895444362,5234234827.475074,0.30425417403267524
67,51.4776,1.63789,54.6579,4.71913,16.587533261822948,4.428131437480144,0.26695539159349957,0.05845874022369157,0.28652744117660006,0.044329621094625814,8498.14,79620.0474783105,37365.328117397425,150480.0,8759,99.002151696074,False,,,,,0,37.52475004210762,134.5584927741648,0.00011415525114155251,160998706611.3264,0.17167035712115797
68,51.5879,2.01591,56.2694,5.08962,19.080947798844317,5.600369221229972,0.2935058195363425,0.06724865907435316,0.31240570928361727,0.0483162645559293,14554.9,176871.50170091324,79003.94559931794,255785.0,8759,96.29143470259439,False,,,,,0,32.78479167516844,121.09308060277499,0.00228310502283105,127874813670.12926,0.12825161536238083
69,51.6351,2.16708,56.8115,5.17974,20.156229239257357,5.989260157615464,0.2971418952683103,0.0710384585895591,0.31529946177245527,0.0503499207736613,23847.4,224738.3174200913,89381.32777404654,196017.0,8759,95.22487659509902,False,,,,,0,31.03234842764465,117.09759563500346,0.00228310502283105,130222044795.56514,0.1422321684470735
70,51.7814,2.56173,57.2389,5.51833,21.873461708793826,6.206914677196718,0.28376462582058243,0.07708173174055644,0.33507873770569213,0.053200398881909056,71662.6,264092.6101141552,89358.73901634797,138469.0,8759,94.19817788635115,False,,,,,0,27.980114239348044,106.43989305750438,0.020662100456621004,112318496132.66043,0.13857319892266787
71,51.9427,2.80525,57.3444,5.76586,22.61276816001188,6.159835587262048,0.2724051979693057,0.07968679062745773,0.33917251441325547,0.05431670657606286,76942.4,260875.95575342467,79261.97203327992,118926.0,8759,92.4453067149999,False,,,,,0,27.852881719607254,107.0563875934354,0.0005707762557077625,117097716959.88763,0.11505165627404947
72,52.0879,3.01515,57.432,5.98253,23.120645823717823,6.112671173423289,0.264381506469544,0.08147890652886164,0.332000419195895,0.05509964767080918,76157.9,254479.99941780823,77301.67285956284,99032.1,8759,91.32087131581383,False,,,,,0,27.05211456936299,105.65630705423243,0.00228310502283105,118118914078.37218,0.1311463443887636
73,52.2635,3.17469,57.5593,6.20106,23.463153856341645,6.099542033374309,0.25996258093520186,0.08269301119675629,0.31640843521309603,0.05507866387882824,63914.7,245742.0571347032,82879.61193212713,73109.8,8759,89.74662724242592,False,,,,,0,27.08045160616512,105.07397979132107,0.0021689497716894978,116856392276.47041,0.13341048830839436
74,52.4129,3.35943,57.8911,6.45399,23.431103786738372,6.291818245435894,0.2685241934268996,0.0825841191724112,0.31763947203079157,0.05346889807946976,26971.0,228354.839086758,97637.85671019381,26971.0,8759,87.89462298483072,False,,,,,0,27.343965825290983,102.20214011184412,0.027968036529680364,139040122480.25516,0.18896936746120832
75,52.5207,3.4854,58.7793,5.625,20.274074211251403,6.614224226619477,0.32624050586481596,0.07278680506564632,0.3180577087762534,0.05286352149046557,0.0,211513.4560164656,112026.82118276355,0.0,8637,85.00358231916552,True,8637.0,0.0,0.00103771,0.0155118,771,27.871428440111448,105.28184748582542,0.0021995832368603844,123001808165.61678,0.23767705725605262
76,52.6896,3.65336,59.5354,5.12545,19.341374826737976,7.0022872411877,0.36203668580516685,0.07592828425643346,0.3020384346420171,0.05239840913799326,5157.78,210459.02570051985,93380.24391653588,6524.78,7886,84.34024304813725,True,7886.0,6524.78,0.0307282,-0.0160327,0,27.568968054677974,104.64762949597169,0.03220489412958032,87287761975.18332,0.1750089719332043
77,52.8374,3.73735,59.8603,5.12413,19.21284947691968,7.158511240362761,0.3725897737845837,0.06787825303868907,0.2944972220751836,0.054526826373972624,0.0,177396.43422037445,103939.73132041785,0.0,8759,82.51248432334421,False,,,,,1214,26.54790331285791,100.335603049789,0.00045662100456621003,98731449215.18452,0.1617689035368427
78,53.0202,3.8549,60.0845,4.87524,18.60201633179799,7.137606616058351,0.3837006961367645,0.07750899112849927,0.2852489927414293,0.05288879730457372,15816.9,189770.40079258464,79074.23143063959,16320.7,7443,83.58490964604032,True,7443.0,16320.7,0.0101408,0.00676833,0,28.606141333493234,109.82687747730513,0.027941966684578184,86930697248.71594,0.16599378632957212
79,53.172,3.88007,60.3638,4.87572,18.46998922799487,7.260392975762401,0.3930913486813441,0.07734777307471,0.2787416599093146,0.05320374617934727,4192.66,180937.50432662433,79138.7375634141,4353.9,7402,82.66818682762053,True,7402.0,4353.9,0.0165875,0.0359888,60,28.850066641668,107.80006768430023,0.01729028772119411,97252044689.751,0.20446391365412733
80,53.3282,3.93882,60.5791,4.87507,18.313665106396584,7.311095326454164,0.39921530092305496,0.07616730263453342,0.2708819611805113,0.05387735963055502,151.509,168506.88531016905,80889.39298170076,1006.43,7453,81.20991200167587,True,7453.0,1006.43,0.00340115,0.00191976,200,29.778054230979404,116.34895836625994,0.002280654682049906,102017126784.73695,0.16629436338071488
81,53.5139,4.08153,60.8063,4.645,17.712994989730234,7.314136736546564,0.4129249029194219,0.07697813155216628,0.2828841651436149,0.054829560380057055,1036.84,157504.75346380472,74563.67697685373,2233.93,7127,80.93762883950369,True,7127.0,2233.93,0.000333453,0.000554567,214,30.079392296984118,117.44075558746586,0.002244668911335578,104903973996.37035,0.20132344526059326
82,53.599,4.21583,60.875,4.7393,17.525964804290425,7.294806155128459,0.4162285064810048,0.0776114836880693,0.2902096752780651,0.05499140562995422,682.246,147201.0252482906,71939.0937326998,689.456,7019,80.46373977897393,True,7019.0,689.456,-0.00489318,0.00428385,157,29.993935275935396,113.01000861260508,0.002279202279202279,99479649186.76277,0.21718815915365908
83,53.6888,4.53483,60.875,4.769,17.03226543207728,7.190014327447477,0.4221408101065844,0.07709473313682193,0.30049480026283315,0.05494304445099722,399.929,124086.43942326734,70565.44737692375,583.676,6867,78.45547855371271,True,6867.0,583.676,0.0554014,-0.00467313,156,29.233210002703167,106.86992115587245,0.03217821782178218,84324211286.7032,0.14952277898188618
84,53.7386,4.83705,60.8752,4.81956,16.583729803161773,7.136621431749061,0.4303387426384882,0.07502079986182295,0.3121192064788708,0.05443119689843353,16.3785,103037.7401006656,70598.52514823177,276.782,6910,75.79351223179206,True,6910.0,276.782,0.0228049,0.00393027,240,30.429437276850372,112.03530224002131,0.0026045434814064533,97534741266.10405,0.24231354265797575
85,53.7635,5.13089,60.0398,4.87522,14.05644368538731,6.281505300395757,0.44687727856270193,0.07843089870930868,0.3192319010781974,0.05376049370544714,0.0,103896.50520146577,66005.76116736866,15090.1,5607,76.20872849621027,True,5607.0,15090.1,0.00840805,0.0254553,126,30.082519244057625,111.3153357311105,0.014621968616262483,57370367245.77917,0.1563416754071017
86,53.8033,5.41634,59.8752,5.06604,13.273239130322793,6.081996358104796,0.45821493144129677,0.06735240576786053,0.3279886733547364,0.055780754013871205,0.0,78858.43941137716,68662.69173554907,1140.69,6222,73.21261712169307,True,6222.0,1140.69,-0.0415388,0.0178,1233,30.361052384466166,117.92190333860724,0.0022497187851518562,65361076317.98427,0.1806167758474638
87,53.868,5.71861,59.3755,5.27077,11.925649956101484,5.525677959816334,0.4633439670086282,0.07893476960401198,0.3270587353320501,0.05722947389310685,0.0,85166.85523039501,64851.07226039486,0.0,4700,74.54277115800559,True,4700.0,0.0,-0.0120572,0.0157861,511,31.429563155764775,122.2667837854691,0.0006381620931716655,45423293639.9295,0.19093777481628663
88,53.9284,6.0139,59.0013,5.37554,10.43655319487965,5.112906991096159,0.48990379252842187,0.08101598087488432,0.33479811051587494,0.05895596023032754,1039.64,74713.33003931203,68882.27866452961,1098.64,4069,75.15179985595118,True,4069.0,1098.64,0.0193415,0.0346645,345,30.808668076022897,121.62664447899452,0.005159705159705159,36309345789.5657,0.2715102376360909
89,54.0127,6.29942,58.1286,6.198,6.94190395358437,4.117149356824448,0.5930864766140428,0.0979066755904806,0.34373356637081576,0.06371207790819873,9986.71,95417.39217874611,76373.97671431315,21939.5,2248,67.55853649806181,True,2248.0,21939.5,-0.111019,0.130612,0,28.881588853086985,117.8043771310785,0.0026678523788350376,10884430505.845816,0.24724851487854688
90,54.0176,6.57653,58.2834,6.12558,5.65777782524285,4.289569388936376,0.7581721165857646,0.10572195358628193,0.34847402888163703,0.06743990203341944,6344.46,106488.19216587112,72237.69536700065,7452.31,1675,56.10151979447395,True,1675.0,7452.31,0.0192464,-0.0476218,0,25.029094765689855,88.81061314606075,0.032219570405727926,5067740332.986648,0.25517212106885534
91,54.0622,6.84525,58.126,6.26897,5.220827760842286,4.104457220924589,0.7861698199870146,0.1252556195273484,0.3472043668345777,0.060510658847986974,18759.8,114565.27232610321,53815.998597137244,19092.9,1336,51.61815437848297,True,1336.0,19092.9,-0.0688071,0.0966889,0,30.79368880014863,116.2488905244672,0.0007479431563201197,8332537296.072769,0.5261545348650201
92,54.0869,7.11397,58.0951,6.62512,5.197361699399785,4.037900638017238,0.7769135325878037,0.09528282332983679,0.3569603562932444,0.07202908224437918,0.0,74398.71746951934,59108.932605961934,0.0,1705,58.11094716701865,True,1705.0,0.0,0.00387923,-0.0079058,427,27.468053078416997,91.76719542084166,0.0011723329425556857,9452359003.335052,0.4493261849535811
93,54.1511,7.685,57.8757,7.3225,4.728835031017356,3.7421987400457524,0.7913574306356507,0.1193290593013784,0.36156672975952864,0.06127674550943932,13291.0,60447.36260938744,30927.23577589019,13616.7,1256,52.1901996593685,True,1256.0,13616.7,0.00800354,0.0220358,0,28.441178469128765,109.41045609399252,0.002386634844868735,4661884826.659666,0.43542799199547744
94,54.1067,7.39947,57.8763,6.93737,4.831802057420358,3.797817869514023,0.7860044398303917,0.12332663855761239,0.3597100049887409,0.06150792543859305,14304.5,82550.30159872104,38571.90141074839,14531.2,1250,52.32027500628505,True,1250.0,14531.2,-0.0273548,0.0603438,0,30.605749693529013,120.65801801323063,0.002398081534772182,6166751979.948349,0.5600620707201048
95,51.7862,1.78077,52.3765,1.86971,1.027061289644239,0.5969626567885121,0.5812337226683837,0.04706076851280618,0.17019346610090527,0.037361382440779904,15521.5,30647.944547872343,9893.735929528635,16103.0,751,86.99047772112858,True,751.0,16103.0,0.00513406,0.054464,0,52.3611339247316,187.90500128002117,0.0026595744680851063,2793919457.8299747,0.4828229694401638
96,51.9217,2.16715,57.183,5.26485,21.34095662005545,6.105491215291361,0.2860926679150664,0.07520835893890777,0.33051009769429135,0.05231444816786019,37823.2,259946.36043378996,96580.96945921023,154498.0,8759,94.49339625062943,False,,,,,0,28.741570397029076,105.70269536615181,0.020662100456621004,117869420068.22475,0.13486335589507675
97,52.0204,2.46944,57.332,5.54625,22.325098203391914,6.138391836311851,0.27495475183975804,0.07867168281269162,0.3402883535733922,0.05380482245683012,74344.5,269627.98539954337,88243.80969885933,127667.0,8759,93.0933487216882,False,,,,,0,28.101762691153848,107.47203229564217,0.020662100456621004,120006383673.08752,0.12158843432069621
98,52.1498,2.63736,57.4106,5.73623,22.86099274152826,6.105654094108184,0.2670773821215964,0.08056312354392045,0.338943136177737,0.054755242476667486,97862.1,267684.7863242009,83961.0892731794,113146.0,8759,91.94558749200822,False,,,,,0,27.675829968143866,105.87888449567448,0.05262557077625571,118599516727.82407,0.1236334424946675
99,52.284,2.81366,57.4976,5.94587,23.261805340409925,6.0821348590852535,0.261464437952264,0.08197881456415736,0.33382571167601816,0.05521585323358237,85748.4,261318.55417808218,83711.27520069087,96437.7,8759,90.79915739599451,False,,,,,0,27.076878213610065,104.89163620116759,0.0021689497716894978,123123031711.69247,0.16190556979337983
100,57.1611,6.00426,58.6251,5.77109,2.2774703218239507,1.4824521067811995,0.650920493925011,0.08967484372917552,0.27207736471268607,0.05848731239704502,0.0,43740.57657475125,39323.39954994924,0.0,803,56.83686219014979,True,803.0,0.0,0.00143146,0.00283696,236,22.788548993638187,91.71800165223588,0.02487562189054726,542575339.5173544,0.07708022737138966
101,50.2682,-2.3109,50.625,-2.12575,0.4796224083795986,0.4019785597516364,0.8381146350307496,0.013316368754165418,0.18060021155480413,0.02925238888555232,0.0,3428.0974447111475,6442.6842534090765,0.0,1228,62.3457615539436,True,1228.0,0.0,7.49743e-06,0.000173615,1064,10.717243735253767,43.188595454959845,0.0016273393002441008,415503529.38847,0.12147246585220801
102,50.2864,-1.46995,50.6251,-1.31189,0.4566114459295991,0.3737655061666365,0.8185635938356747,0.019566591824549204,0.16122450462163002,0.03284051197460833,0.0,2990.1250922002478,7108.346036041058,0.0,808,69.22723935668478,True,808.0,0.0,0.00448053,0.00339445,673,18.83348687974333,79.60389452984832,0.0037082818294190355,389037446.53210557,0.15334981143225312
103,50.3761,-0.460533,50.6281,-0.306315,0.32901022232711935,0.29544405819715047,0.8979783549199404,0.09230381331561148,0.17128367880288536,0.04446966588244119,20804.6,29411.915972222225,9736.609326872918,20804.6,143,64.02516393266056,True,143.0,20804.6,0.0492593,0.0967222,0,46.17109191255049,255.06498717448454,0.020833333333333332,144511690.48895833,0.7321543458196003
104,50.5015,0.464854,50.8751,0.673798,0.4961355271552075,0.4280590556640549,0.8627865416502293,0.021662468742832546,0.17827990591092985,0.034067688501238556,565.158,6074.077664112389,7905.070531335883,578.76,782,65.3301553316036,True,782.0,578.76,0.0045241,0.00567998,607,19.271490121372988,63.62481185273015,0.003831417624521073,331594673.5795316,0.15564171670159965
105,50.0518,-3.23629,50.6255,-2.89887,0.8624400403059054,0.6655703917693473,0.7717294660081774,0.037802766502890404,0.1848863044722621,0.04390268983456737,11352.1,21585.101486486485,11287.334034769263,11499.6,739,75.97478667869267,True,739.0,11499.6,-0.00626579,0.0164954,0,25.53797524683392,92.35505517976299,0.008108108108108109,381704720.2595425,0.20028768340700262
106,49.9254,-4.04921,50.1258,-3.87981,0.2811374261389043,0.26240525909363566,0.9333700699244025,0.11150932680040533,0.18001185532303143,0.044136897166078055,11586.7,19740.7037037037,9749.335890173514,11879.8,107,74.24247477302892,True,107.0,11879.8,-0.0137188,0.0246197,0,45.88321683084041,285.9307043719195,0.009259259259259259,67207609.32178183,0.5729095096734431

Aggregate Statistics:
Total number of particles: 107
Total simulation steps: 8760 steps
Number of beached particles: 74
Percentage of beached particles: 69.16%
Average time to beach (for beached particles): 4120.4 steps
Average distance to shore for beached particles: 7171.912 meters
Average final distance to shore: 44888.115 meters
Average straightness index: 0.458 (unitless)
Average total distance: 13.677 (degrees)
Average net displacement: 5.070 (degrees)
Average velocity: 0.080 m/s
