Step,Latitude,Longitude,VelocityU,VelocityV,DistanceToShore,Beached
0,57.1611,6.00426,0.0141468,0.0359673,122208,No
1,57.1622,6.0047,0.0135124,0.0316341,122086,No
2,57.1631,6.00517,0.014208,0.0297624,121968,No
3,57.164,6.00566,0.0151656,0.028381,121853,No
4,57.1649,6.00619,0.0161193,0.0269977,121740,No
5,57.1657,6.00675,0.0172985,0.0258542,121628,No
6,57.1665,6.00736,0.0185321,0.0247541,121518,No
7,57.1673,6.00803,0.019774,0.0236498,121409,No
8,57.1677,6.00897,0.0277839,0.0161704,121307,No
9,57.168,6.01021,0.0371374,0.00740653,121214,No
10,57.1679,6.01176,0.046479,-0.00135594,121124,No
11,57.168,6.01366,0.0571735,0.00225003,121003,No
12,57.1683,6.01591,0.0681293,0.00829113,120842,No
13,57.1688,6.01849,0.0790647,0.01428,120641,No
14,57.1698,6.02116,0.0822078,0.0280056,120393,No
15,57.1713,6.02388,0.0838118,0.0432881,120094,No
16,57.1732,6.02664,0.0854479,0.0585995,119750,No
17,57.1754,6.02931,0.0827927,0.0656185,119391,No
18,57.1777,6.03186,0.079284,0.0710347,119022,No
19,57.1802,6.03431,0.0757866,0.076522,118644,No
20,57.1827,6.03669,0.0737129,0.0770588,118269,No
21,57.1851,6.03902,0.0719262,0.0765935,117899,No
22,57.1876,6.04128,0.0701435,0.0761249,117534,No
23,57.1901,6.04351,0.0688867,0.0767004,117169,No
24,57.1926,6.0457,0.0677564,0.0775162,116804,No
25,57.1951,6.04785,0.0666498,0.0783671,116439,No
26,57.1976,6.04992,0.0641475,0.0761594,116087,No
27,57.2,6.05189,0.0613583,0.0733423,115748,No
28,57.2022,6.05377,0.0585633,0.0705314,115424,No
29,57.2044,6.05551,0.0541181,0.0666259,115121,No
30,57.2064,6.05709,0.0493429,0.062497,114839,No
31,57.2083,6.05852,0.0445668,0.0583635,114578,No
32,57.21,6.05987,0.0419052,0.0550769,114332,No
33,57.2117,6.06114,0.0396694,0.0519582,114100,No
34,57.2133,6.06237,0.0374366,0.0488376,113876,No
35,57.2152,6.06367,0.0398346,0.0564682,113624,No
36,57.2174,6.06508,0.0431201,0.0662352,113335,No
37,57.2199,6.06659,0.0463554,0.075984,113011,No
38,57.2226,6.06815,0.047892,0.0828411,112664,No
39,57.2255,6.06975,0.0491223,0.0891079,112295,No
40,57.2286,6.07137,0.0503854,0.0953582,111909,No
41,57.2316,6.07293,0.0484127,0.0932926,111533,No
42,57.2345,6.0744,0.045812,0.0895934,111173,No
43,57.2372,6.07582,0.0432352,0.0859226,110828,No
44,57.24,6.07734,0.0463827,0.0846023,110480,No
45,57.2427,6.07899,0.0506683,0.0837289,110127,No
46,57.2454,6.08078,0.0549498,0.0828334,109768,No
47,57.2482,6.08263,0.0569749,0.0857044,109396,No
48,57.2511,6.08454,0.0585438,0.0893228,109010,No
49,57.2541,6.0865,0.0601068,0.0929318,108607,No
50,57.2575,6.08861,0.064478,0.101348,108170,No
51,57.2611,6.09088,0.0694112,0.110699,107695,No
52,57.265,6.0933,0.0743438,0.120016,107183,No
53,57.2692,6.09578,0.0763327,0.127231,106645,No
54,57.2735,6.0983,0.0777598,0.134113,106084,No
55,57.2781,6.10086,0.0792177,0.141089,105501,No
56,57.2828,6.10337,0.0777802,0.145153,104908,No
57,57.2877,6.10582,0.0757355,0.148647,104308,No
58,57.2926,6.10811,0.0736605,0.152169,103710,No
59,57.2973,6.1097,0.0520509,0.147671,103166,No
60,57.3019,6.11045,0.0263201,0.14145,102690,No
61,57.3062,6.11042,0.000354824,0.135091,102281,No
62,57.3103,6.11,-0.0118888,0.127741,101917,No
63,57.3142,6.10928,-0.0212176,0.12035,101594,No
64,57.3179,6.10829,-0.0303945,0.113106,101307,No
65,57.3217,6.10725,-0.0322739,0.117092,101010,No
66,57.3257,6.10619,-0.0326245,0.123319,100696,No
67,57.3299,6.10514,-0.0328741,0.129563,100365,No
68,57.3343,6.10423,-0.0286295,0.134162,100013,No
69,57.3388,6.10349,-0.0234255,0.138534,99638.2,No
70,57.3435,6.10294,-0.0181372,0.143023,99231.1,No
71,57.3484,6.10272,-0.00812278,0.151851,98773.1,No
72,57.3537,6.10285,0.00283514,0.161527,98264.5,No
73,57.3593,6.1033,0.013804,0.171195,97710.3,No
74,57.365,6.10376,0.0145712,0.176044,97141.8,No
75,57.3708,6.10419,0.013285,0.179899,96564.5,No
76,57.3767,6.10455,0.0119694,0.183666,95981.6,No
77,57.3827,6.10469,0.00555909,0.183961,95411.5,No
78,57.3887,6.1046,-0.0018924,0.183575,94857.7,No
79,57.3946,6.10427,-0.00937985,0.183172,94321.7,No
80,57.4004,6.10379,-0.0144331,0.179827,93807.1,No
81,57.4061,6.10315,-0.0189776,0.175804,93315.2,No
82,57.4116,6.10239,-0.0235025,0.171682,92843.1,No
83,57.4172,6.10164,-0.0233812,0.173006,92367.9,No
84,57.4229,6.10091,-0.0223787,0.175298,91885.5,No
85,57.4287,6.10024,-0.0214264,0.177441,91395.2,No
86,57.4346,6.0997,-0.0170559,0.181654,90885,No
87,57.4407,6.09934,-0.0120067,0.186362,90352.5,No
88,57.4468,6.09912,-0.00697228,0.191142,89803.2,No
89,57.4527,6.09893,-0.00570904,0.182795,89278.8,No
90,57.4583,6.09877,-0.00521456,0.17178,88787.6,No
91,57.4634,6.09854,-0.00473846,0.160733,88331.5,No
92,57.4685,6.09775,-0.0219973,0.156781,87924.8,No
93,57.4735,6.09628,-0.0429252,0.154458,87571.4,No
94,57.4785,6.09416,-0.0639944,0.152356,87266.6,No
95,57.4836,6.09165,-0.076444,0.156701,86978.6,No
96,57.4888,6.08879,-0.0870988,0.162185,86701.2,No
97,57.4942,6.08558,-0.0976842,0.167527,86443.3,No
98,57.4991,6.08203,-0.108422,0.153281,86256,No
99,57.5034,6.07813,-0.119084,0.13503,86148.8,No
100,57.5072,6.07394,-0.12966,0.116697,86115.7,No
101,57.5105,6.0698,-0.128128,0.104638,86116.4,No
102,57.5135,6.0658,-0.124239,0.094036,86141.7,No
103,57.5162,6.06184,-0.120419,0.0836221,86191.6,No
104,57.5189,6.05744,-0.134045,0.0839875,86275.9,No
105,57.5218,6.05247,-0.151289,0.0864576,86397.5,No
106,57.5246,6.04705,-0.168692,0.0888864,86553.6,No
107,57.5273,6.04188,-0.161231,0.0830347,86712,No
108,57.5297,6.03712,-0.148674,0.0755226,86864.7,No
109,57.5319,6.03272,-0.136007,0.0679995,87012,No
110,57.5341,6.02824,-0.137894,0.0690873,87164.4,No
111,57.5365,6.0236,-0.142776,0.0719231,87324.6,No
112,57.5389,6.01877,-0.147748,0.0747885,87493.8,No
113,57.5416,6.01357,-0.1593,0.0815107,87678.7,No
114,57.5445,6.00795,-0.171926,0.0888913,87880.7,No
115,57.5476,6.00203,-0.184271,0.0961405,88098,No
116,57.5504,5.99649,-0.173067,0.0878473,88313.4,No
117,57.5528,5.99146,-0.157148,0.0764994,88521.1,No
118,57.5549,5.98694,-0.141191,0.0651887,88718.7,No
119,57.5569,5.98282,-0.128675,0.0608172,88897.4,No
120,57.5588,5.97908,-0.116854,0.0578414,89055.1,No
121,57.5605,5.97572,-0.105038,0.0548774,89139.5,No
122,57.5622,5.97267,-0.0952363,0.0528311,89085.8,No
123,57.5639,5.96993,-0.0858232,0.0509654,88983.9,No
124,57.5654,5.96749,-0.0763982,0.0490984,88881.7,No
125,57.5669,5.96537,-0.0665401,0.0462272,88781.4,No
126,57.5683,5.96358,-0.0565934,0.0431576,88683.7,No
127,57.5696,5.9621,-0.046644,0.0400902,88588.4,No
128,57.5708,5.96085,-0.039472,0.0368428,88497.8,No
129,57.5719,5.95981,-0.0328607,0.0335624,88413,No
130,57.5728,5.959,-0.0262536,0.0302842,88331.1,No
131,57.5739,5.95852,-0.0162182,0.031024,88237,No
132,57.5749,5.95838,-0.00550095,0.0325633,88127.3,No
133,57.576,5.95862,0.00520119,0.0340959,88001,No
134,57.5772,5.95939,0.0217209,0.0364789,87850.4,No
135,57.5785,5.96074,0.0393933,0.0390141,87673.9,No
136,57.5798,5.96265,0.0570524,0.0415258,87473.5,No
137,57.5812,5.96502,0.071366,0.0429073,87255.2,No
138,57.5827,5.96783,0.0849787,0.044095,87020.7,No
139,57.5841,5.97108,0.0985527,0.0453214,86770.4,No
140,57.5857,5.97477,0.112309,0.0465458,86504.5,No
141,57.5872,5.97892,0.126125,0.0477007,86223.7,No
142,57.5888,5.98342,0.139965,0.048778,85930.5,No
143,57.5905,5.98764,0.131649,0.0516222,85637.1,No
144,57.5923,5.99144,0.118928,0.0548387,85335,No
145,57.5942,5.99486,0.106237,0.0580636,85010.9,No
146,57.5962,5.99813,0.101299,0.062712,84665.8,No
147,57.5985,6.00129,0.0979322,0.067642,84237.4,No
148,57.6008,6.00434,0.0945934,0.072571,83813.3,No
149,57.6033,6.00729,0.0914237,0.0760755,83385.3,No
150,57.6059,6.01014,0.0882934,0.0793142,82957.9,No
151,57.6086,6.0129,0.0851725,0.0825752,82531.3,No
152,57.6112,6.01568,0.0857385,0.080952,82107,No
153,57.6137,6.01851,0.08705,0.0783657,81685.6,No
154,57.6162,6.02135,0.0883707,0.0757965,81268.1,No
155,57.6187,6.02402,0.0832379,0.0772651,80860.4,No
156,57.6213,6.02648,0.0768296,0.0795353,80464.5,No
157,57.6239,6.02874,0.0704387,0.081801,80081.4,No
158,57.6265,6.0308,0.0644579,0.079566,79719.5,No
159,57.6289,6.03267,0.058567,0.0764323,79381.2,No
160,57.6313,6.03438,0.0526928,0.0733108,79062.4,No
161,57.6339,6.03604,0.0513995,0.0770345,78737.6,No
162,57.6365,6.03769,0.051022,0.0820598,78401.6,No
163,57.6394,6.03927,0.050645,0.0870093,78059.1,No
164,57.6424,6.04039,0.0367982,0.0914407,77744.5,No
165,57.6455,6.04099,0.0204454,0.0956089,77463.8,No
166,57.6487,6.04107,0.00428206,0.0995895,77217.5,No
167,57.6519,6.04079,-0.00713284,0.0992969,77003.4,No
168,57.6551,6.04017,-0.0175742,0.0982079,76820.7,No
169,57.6583,6.03926,-0.0279669,0.0971586,76595.8,No
170,57.6612,6.03837,-0.0274361,0.0903004,76337.2,No
171,57.6638,6.03758,-0.0248151,0.0823985,76101.7,No
172,57.6662,6.03687,-0.0222809,0.0746161,75887.8,No
173,57.6684,6.03633,-0.017209,0.0681477,75688.2,No
174,57.6704,6.03597,-0.0117193,0.061987,75501.5,No
175,57.6722,6.03578,-0.00632668,0.0558835,75327.1,No
176,57.6738,6.03572,-0.00235105,0.051661,75160.9,No
177,57.6753,6.03578,0.00135895,0.0477798,75002.2,No
178,57.6767,6.036,0.0050728,0.0438703,74850.7,No
179,57.6779,6.03665,0.0181709,0.0365165,74704.7,No
180,57.6788,6.03778,0.0330865,0.0284596,74563.7,No
181,57.6794,6.03938,0.0479358,0.0203986,74431.3,No
182,57.6795,6.04134,0.0592518,0.00466083,74336.5,No
183,57.679,6.04365,0.0698802,-0.0125482,74283.9,No
184,57.678,6.0463,0.0805447,-0.0296803,74274.5,No
185,57.6764,6.0493,0.0911517,-0.0465653,74306.8,No
186,57.6742,6.05264,0.10183,-0.0633638,74352.6,No
187,57.6716,6.05629,0.112624,-0.0801233,74267.1,No
188,57.6688,6.05995,0.113163,-0.0875686,74171.3,No
189,57.6657,6.06355,0.111555,-0.0931953,74097,No
190,57.6625,6.06707,0.109845,-0.0988729,74047.5,No
191,57.659,6.0703,0.100985,-0.106773,74044.9,No
192,57.6552,6.0732,0.0906178,-0.115077,74093.7,No
193,57.6512,6.07575,0.0801397,-0.123341,74191.8,No
194,57.6471,6.07799,0.0702017,-0.125078,74323.3,No
195,57.6431,6.07991,0.0603442,-0.125573,74484.8,No
196,57.639,6.08153,0.0504395,-0.126131,74674.8,No
197,57.6348,6.083,0.0458508,-0.128941,74886.5,No
198,57.6305,6.08436,0.0423585,-0.132155,75117.9,No
199,57.6261,6.0856,0.0388977,-0.135323,75369.9,No
200,57.6215,6.08662,0.0324265,-0.138778,75650.2,No
201,57.6169,6.08741,0.0254607,-0.142067,75959,No
202,57.6122,6.08799,0.0186086,-0.145105,76293,No
203,57.6077,6.08834,0.0119485,-0.140918,76634.2,No
204,57.6033,6.08849,0.0053365,-0.135206,76978.4,No
205,57.5991,6.08843,-0.00125438,-0.129389,77322.4,No
206,57.5952,6.08831,-0.00341011,-0.120675,77649.3,No
207,57.5916,6.08815,-0.00476774,-0.111555,77956,No
208,57.5883,6.08795,-0.00621101,-0.102597,78245.1,No
209,57.585,6.08779,-0.00518371,-0.10256,78532.7,No
210,57.5816,6.08768,-0.00367835,-0.104324,78822,No
211,57.5781,6.08761,-0.00220077,-0.106121,79114.3,No
212,57.5745,6.08757,-0.00137743,-0.110329,79417.2,No
213,57.5708,6.08755,-0.000685465,-0.115001,79731.8,No
214,57.5669,6.08757,1.93409e-06,-0.119658,80056.4,No
215,57.5629,6.08774,0.00455186,-0.121593,80376.1,No
216,57.5589,6.08808,0.00985377,-0.123059,80688.7,No
217,57.5549,6.0886,0.0151325,-0.124612,80992.5,No
218,57.5509,6.08933,0.0217627,-0.122205,81275.2,No
219,57.5471,6.09029,0.0286416,-0.119035,81534.7,No
220,57.5433,6.09146,0.0354941,-0.115906,81771.9,No
221,57.5396,6.09282,0.0411863,-0.113331,81990.4,No
222,57.5361,6.09435,0.0466525,-0.110945,82191.7,No
223,57.5325,6.09607,0.0521205,-0.108645,82375.6,No
224,57.5292,6.09795,0.0574581,-0.104878,82538.5,No
225,57.5259,6.10001,0.0627675,-0.100854,82680.3,No
226,57.5228,6.10223,0.0680742,-0.0968747,82800.6,No
227,57.5198,6.10456,0.0716298,-0.0917033,82901,No
228,57.5171,6.107,0.0748516,-0.0862834,82980.3,No
229,57.5145,6.10955,0.0780875,-0.0808581,83038.8,No
230,57.512,6.11222,0.0819706,-0.0756994,83076.5,No
231,57.5098,6.11502,0.0859779,-0.0705869,83092.3,No
232,57.5077,6.11796,0.0899831,-0.0654675,83086.3,No
233,57.5058,6.12105,0.0947678,-0.0586965,83051.8,No
234,57.5041,6.1243,0.0996969,-0.0516102,82988.1,No
235,57.5027,6.12771,0.104561,-0.044517,82896.3,No
236,57.5014,6.13127,0.109348,-0.0399467,82783.4,No
237,57.5003,6.135,0.114169,-0.0358844,82650.5,No
238,57.4993,6.13887,0.119038,-0.0318282,82497.5,No
239,57.4985,6.14285,0.122385,-0.0258444,82321.6,No
240,57.4979,6.14692,0.125401,-0.0195262,82123.1,No
241,57.4975,6.1511,0.128398,-0.0132685,81900.7,No
242,57.4974,6.15537,0.131492,-0.00420631,81646.8,No
243,57.4976,6.15975,0.134605,0.00538631,81359.6,No
244,57.4981,6.1642,0.137715,0.0149392,81040.3,No
245,57.499,6.16855,0.134854,0.0264604,80693.4,No
246,57.5003,6.17278,0.130896,0.0383748,80319.6,No
247,57.502,6.17682,0.127035,0.0502902,79925.7,No
248,57.5037,6.18025,0.108619,0.0520897,79564.4,No
249,57.5053,6.18299,0.0872913,0.0519524,79244.6,No
250,57.507,6.18509,0.0659622,0.051882,78964.4,No
251,57.5085,6.18686,0.0558451,0.047697,78716.5,No
252,57.5099,6.18839,0.047948,0.0426814,78498.6,No
253,57.5111,6.18967,0.0400327,0.0376649,78308.8,No
254,57.5123,6.19085,0.036783,0.0356821,78131.1,No
255,57.5134,6.19196,0.0344725,0.0342963,77961.8,No
256,57.5144,6.193,0.0321666,0.032901,77799.6,No
257,57.5156,6.19401,0.0313787,0.0343112,77634.5,No
258,57.5167,6.19501,0.0308955,0.0362858,77464.6,No
259,57.518,6.196,0.0304146,0.0382639,77288.1,No
260,57.5194,6.19697,0.0300726,0.0435702,77095.4,No
261,57.5211,6.19793,0.0297551,0.0495525,76885.1,No
262,57.5229,6.19889,0.0294333,0.0555467,76657.8,No
263,57.5248,6.19984,0.029308,0.0597835,76418,No
264,57.5269,6.20078,0.0292248,0.063653,76166.1,No
265,57.5291,6.20172,0.0291443,0.0675057,75902.7,No
266,57.5314,6.20266,0.0288537,0.0710149,75629.3,No
267,57.5338,6.20358,0.0285211,0.074449,75346.2,No
268,57.5364,6.20449,0.0281891,0.0778736,75053.3,No
269,57.5391,6.20532,0.0261653,0.082066,74751.4,No
270,57.5419,6.20609,0.0238107,0.0864343,74440.6,No
271,57.5449,6.20677,0.0214643,0.0908273,74120.9,No
272,57.548,6.20733,0.0179461,0.0968375,73789.6,No
273,57.5514,6.20778,0.0141612,0.103209,73446.6,No
274,57.5549,6.2081,0.0103377,0.109629,73093.9,No
275,57.5585,6.20833,0.00737886,0.110159,72746.1,No
276,57.562,6.20847,0.00458312,0.109505,72406.3,No
277,57.5656,6.20851,0.00177209,0.108849,72073.2,No
278,57.5692,6.20843,-0.00201307,0.111848,71738.9,No
279,57.573,6.20822,-0.00598924,0.115612,71402,No
280,57.5769,6.20787,-0.00996363,0.119413,71063.1,No
281,57.5809,6.2073,-0.0167724,0.123328,70727.3,No
282,57.585,6.20649,-0.0242328,0.1273,70395.4,No
283,57.5892,6.20544,-0.0317905,0.131314,70069.4,No
284,57.5935,6.20425,-0.036562,0.132365,69751.9,No
285,57.5978,6.20291,-0.0407984,0.132849,69443.6,No
286,57.6022,6.20146,-0.0450712,0.133366,69142.6,No
287,57.6066,6.20006,-0.0438915,0.13642,68832.4,No
288,57.6111,6.19872,-0.0416131,0.139947,68509.2,No
289,57.6158,6.19746,-0.0393299,0.143439,68174.4,No
290,57.6205,6.19627,-0.0372037,0.144478,67835.1,No
291,57.6251,6.19515,-0.0350473,0.14504,67492,No
292,57.6299,6.19409,-0.0328704,0.145625,67145.5,No
293,57.6346,6.19305,-0.0323115,0.145541,66800.8,No
294,57.6393,6.19202,-0.0320587,0.145282,66459,No
295,57.644,6.19099,-0.0317862,0.144977,66119.8,No
296,57.6487,6.18993,-0.032699,0.145786,65782.7,No
297,57.6534,6.18883,-0.033762,0.146802,65448.3,No
298,57.6582,6.18771,-0.034727,0.147796,65115.1,No
299,57.6631,6.18659,-0.0346465,0.150449,64777.1,No
300,57.6681,6.18547,-0.0343591,0.153446,64433,No
301,57.6732,6.18437,-0.0340616,0.156453,64083.8,No
302,57.6783,6.1833,-0.0332955,0.158921,63729.3,No
303,57.6836,6.18225,-0.0324086,0.16126,63369.7,No
304,57.6889,6.18125,-0.0314905,0.163576,63003.6,No
305,57.6943,6.18037,-0.0275624,0.167016,62622.6,No
306,57.6998,6.17965,-0.0229848,0.170714,62224.5,No
307,57.7055,6.17903,-0.0183483,0.174446,61810.4,No
308,57.7114,6.17823,-0.0236375,0.181734,61394.8,No
309,57.7176,6.1772,-0.0310279,0.189804,60981.3,No
310,57.724,6.1759,-0.0385457,0.197958,60577.8,No
311,57.7301,6.1742,-0.0509289,0.190815,60231,No
312,57.7359,6.17206,-0.0643518,0.180388,59951.2,No
313,57.7414,6.16951,-0.0778606,0.169739,59736.8,No
314,57.7467,6.16668,-0.0866191,0.163404,59567.1,No
315,57.7517,6.16359,-0.0943262,0.157977,59438,No
316,57.7567,6.16026,-0.101938,0.152565,59348.6,No
317,57.7616,6.15664,-0.110436,0.151071,59293.3,No
318,57.7664,6.15275,-0.1191,0.150325,59271.2,No
319,57.7712,6.14863,-0.127744,0.149543,59281.7,No
320,57.7756,6.14463,-0.124216,0.137535,59317.5,No
321,57.7796,6.14082,-0.118309,0.123342,59375.7,No
322,57.7831,6.13722,-0.112452,0.109206,59452.4,No
323,57.7862,6.1339,-0.10371,0.0981011,59490.1,No
324,57.789,6.13088,-0.0943855,0.0876007,59376.4,No
325,57.7915,6.12814,-0.085059,0.0771046,59216.9,No
326,57.7939,6.12554,-0.0809282,0.0732493,59067.3,No
327,57.7961,6.12303,-0.0777528,0.0707048,58924.5,No
328,57.7983,6.12063,-0.0745277,0.0681485,58788.2,No
329,57.8005,6.11829,-0.0723609,0.0672259,58653.6,No
330,57.8027,6.11602,-0.0703824,0.0666139,58520.8,No
331,57.8048,6.11383,-0.0683748,0.0659837,58390.1,No
332,57.8067,6.11183,-0.0624411,0.0610167,58270.3,No
333,57.8085,6.11005,-0.0557043,0.0551828,58161.9,No
334,57.8101,6.10848,-0.0489481,0.0493477,58063.7,No
335,57.8116,6.10704,-0.044927,0.0476963,57966.2,No
336,57.8131,6.10571,-0.0414614,0.0468723,57867.4,No
337,57.8146,6.1045,-0.0380034,0.0460388,57768.7,No
338,57.8159,6.10346,-0.0326737,0.0414625,57678.4,No
339,57.8171,6.10261,-0.0269804,0.036148,57597.6,No
340,57.8181,6.10193,-0.0212978,0.0308418,57526.3,No
341,57.819,6.10137,-0.0177735,0.0277876,57460.3,No
342,57.8198,6.1009,-0.0146908,0.0251862,57398.9,No
343,57.8205,6.10056,-0.0116182,0.0225872,57338.6,No
344,57.8214,6.10045,-0.00445015,0.0254073,57258,No
345,57.8223,6.10059,0.00350824,0.0292829,57153.1,No
346,57.8234,6.101,0.0114205,0.0331177,57023.6,No
347,57.8247,6.10167,0.0196725,0.0382499,56865,No
348,57.8261,6.10261,0.0280205,0.0436715,56676.7,No
349,57.8277,6.10379,0.0364015,0.0491289,56461.4,No
350,57.8294,6.10497,0.0366136,0.0511929,56239.3,No
351,57.8311,6.10611,0.0351947,0.0525705,56014.7,No
352,57.8328,6.1072,0.0337839,0.0539451,55788.8,No
353,57.8346,6.10822,0.0319096,0.0537976,55566,No
354,57.8363,6.10918,0.0299386,0.0533232,55347.3,No
355,57.838,6.11009,0.0279646,0.0528243,55131.6,No
356,57.8398,6.11098,0.0275928,0.0547412,54910.2,No
357,57.8417,6.11188,0.0275411,0.0571259,54681.1,No
358,57.8436,6.11277,0.0274884,0.0594895,54443.6,No
359,57.8457,6.11365,0.0274226,0.0629556,54194.4,No
360,57.8479,6.11454,0.0273606,0.0666642,53933,No
361,57.8502,6.11542,0.0273055,0.070395,53659.7,No
362,57.8526,6.1162,0.0244788,0.0755853,53373.1,No
363,57.8553,6.11687,0.0210959,0.0810447,53073.3,No
364,57.8581,6.11743,0.0177124,0.0864794,52758.6,No
365,57.8612,6.11793,0.0156976,0.0952194,52417.9,No
366,57.8647,6.11838,0.0139707,0.104718,52048.4,No
367,57.8684,6.11869,0.0122611,0.114333,51655.8,No
368,57.8722,6.11831,-0.00865123,0.118445,51282.2,No
369,57.8762,6.11713,-0.0334656,0.121397,50936.4,No
370,57.8802,6.11518,-0.0581773,0.124214,50617.9,No
371,57.8844,6.11269,-0.0747478,0.128716,50312.7,No
372,57.8888,6.10973,-0.0895636,0.133566,50019,No
373,57.8933,6.10636,-0.104223,0.138432,49731.7,No
374,57.8983,6.10311,-0.100835,0.15087,49399.8,No
375,57.9037,6.10009,-0.0938206,0.164723,48904.3,No
376,57.9095,6.09729,-0.0867648,0.178461,48325.3,No
377,57.9162,6.09461,-0.0830036,0.201231,47666.7,No
378,57.9236,6.09202,-0.0797633,0.225743,46923.9,No
379,57.9317,6.08953,-0.0763677,0.250175,46110.6,No
380,57.9395,6.08704,-0.0765332,0.242331,45333.6,No
381,57.9468,6.08451,-0.0776408,0.22751,44613.1,No
382,57.9537,6.08185,-0.0789729,0.212165,43948.6,No
383,57.9605,6.07837,-0.10348,0.209025,43304.9,No
384,57.9673,6.07396,-0.132225,0.208714,42690.9,No
385,57.974,6.06868,-0.160573,0.208727,42115.5,No
386,57.9805,6.06295,-0.175074,0.201453,41594.9,No
387,57.9868,6.05682,-0.18715,0.193014,41131.8,No
388,57.9927,6.05041,-0.199567,0.18493,40730.3,No
389,57.998,6.04444,-0.186508,0.166377,40380.7,No
390,58.0026,6.03905,-0.168501,0.145806,40045,No
391,58.0066,6.03423,-0.150661,0.125342,39747.9,No
392,58.0103,6.02984,-0.137156,0.115163,39481.8,No
393,58.0138,6.02586,-0.124383,0.10699,39239.6,No
394,58.017,6.02228,-0.111489,0.0987776,39016.7,No
395,58.0201,6.01899,-0.102584,0.0961474,38798.7,No
396,58.0231,6.01596,-0.0944478,0.0946121,38582.3,No
397,58.0261,6.01321,-0.0862739,0.0930492,38365.4,No
398,58.029,6.01077,-0.0762985,0.0889143,38149.5,No
399,58.0317,6.00868,-0.0659782,0.0842536,37935,No
400,58.0343,6.0069,-0.0556739,0.0795793,37726.8,No
401,58.0367,6.00535,-0.0485597,0.0742221,37530.9,No
402,58.0389,6.00401,-0.0420726,0.068709,37347.9,No
403,58.0409,6.00287,-0.0355768,0.0631755,37174.6,No
404,58.043,6.00179,-0.0331919,0.0644937,36994.6,No
405,58.0452,6.00077,-0.0316132,0.0671501,36805.1,No
406,58.0475,5.9998,-0.0300144,0.0697641,36605,No
407,58.0499,5.99884,-0.0296938,0.0735172,36392.8,No
408,58.0524,5.99787,-0.0296504,0.0775528,36167.7,No
409,58.055,5.99692,-0.0296315,0.0816479,35933.2,No
410,58.0576,5.99609,-0.0261788,0.0783661,35706.8,No
411,58.0599,5.99539,-0.0220755,0.0736146,35491.3,No
412,58.0622,5.99482,-0.0180129,0.0688779,35286.3,No
413,58.0642,5.9944,-0.0136307,0.0648949,35089.2,No
414,58.0662,5.99412,-0.00921051,0.061044,34899.6,No
415,58.068,5.99397,-0.00482065,0.0571772,34717.1,No
416,58.0698,5.99391,-0.00223907,0.0533852,34544,No
417,58.0714,5.99392,-2.36298e-05,0.0496072,34380.5,No
418,58.0728,5.99399,0.00218433,0.0458261,34225.9,No
419,58.0742,5.9941,0.00320511,0.0436733,34077.5,No
420,58.0756,5.99423,0.00398755,0.0418241,33934.1,No
421,58.0769,5.9944,0.00476805,0.0399502,33793.3,No
422,58.0783,5.99465,0.00740819,0.0423875,33640.8,No
423,58.0798,5.995,0.0104097,0.0456609,33473,No
424,58.0814,5.99545,0.0133968,0.048897,33289,No
425,58.0832,5.996,0.0167278,0.0546451,33081.2,No
426,58.0852,5.99667,0.0201318,0.06091,32847.2,No
427,58.0874,5.99744,0.0235395,0.067191,32590,No
428,58.0896,5.99827,0.0253563,0.0689217,32325,No
429,58.0919,5.99915,0.0268491,0.0697637,32055.8,No
430,58.0942,6.00009,0.0283356,0.0706323,31778.7,No
431,58.0967,6.00122,0.0340728,0.0753391,31477,No
432,58.0993,6.00257,0.0406524,0.0808271,31147.9,No
433,58.1021,6.00411,0.0472212,0.0863353,30791.9,No
434,58.1051,6.00581,0.0517553,0.0921374,30409.6,No
435,58.1083,6.00764,0.0558683,0.0979897,30002.7,No
436,58.1117,6.00961,0.0599633,0.103836,29569.6,No
437,58.1153,6.01178,0.066174,0.110442,29106,No
438,58.1192,6.01417,0.0728197,0.117207,28610.3,No
439,58.1232,6.01667,0.0794785,0.123982,28088.9,No
440,58.1274,6.01858,0.0614211,0.127834,27578.1,No
441,58.1317,6.01975,0.0386226,0.130633,27090.7,No
442,58.136,6.0201,0.0162322,0.133355,26630.4,No
443,58.1404,6.019,-0.027832,0.134483,26231.5,No
444,58.1448,6.01636,-0.0753637,0.135281,25906.7,No
445,58.1493,6.01232,-0.122006,0.136043,25654.7,No
446,58.1538,6.00784,-0.136702,0.138832,25427.2,No
447,58.1584,6.00309,-0.144936,0.142052,25152.4,No
448,58.1632,5.99809,-0.152978,0.1453,24756.4,No
449,58.168,5.99292,-0.158335,0.148174,24357.8,No
450,58.173,5.9876,-0.163127,0.150949,23973.2,No
451,58.1779,5.98216,-0.167889,0.153728,23609.5,No
452,58.1825,5.97691,-0.162496,0.143013,23300,No
453,58.1867,5.97189,-0.1553,0.129953,23049.4,No
454,58.1905,5.96707,-0.148303,0.117207,22847.7,No
455,58.1943,5.96218,-0.150213,0.118411,22662.5,No
456,58.1983,5.95718,-0.153943,0.122428,22489.4,No
457,58.2024,5.95204,-0.157744,0.126511,22331.8,No
458,58.2066,5.9467,-0.163651,0.128258,22203.7,No
459,58.2108,5.94117,-0.170094,0.129618,22107.9,No
460,58.215,5.93546,-0.176689,0.131082,22046.5,No
461,58.2191,5.92986,-0.173464,0.126114,22022,No
462,58.2229,5.92443,-0.168361,0.11992,21997.8,No
463,58.2266,5.91919,-0.163346,0.113778,21860.4,No
464,58.23,5.91425,-0.153811,0.106634,21669,No
465,58.2332,5.90966,-0.143275,0.0992702,21499.2,No
466,58.2361,5.90539,-0.132625,0.0918741,21259.7,No
467,58.2391,5.9013,-0.127131,0.0915032,20908.3,No
468,58.2421,5.89734,-0.122635,0.0924579,20562.8,No
469,58.2451,5.89353,-0.118099,0.093325,20224.2,No
470,58.248,5.88978,-0.115872,0.0915751,19901.2,No
471,58.2509,5.8861,-0.114012,0.0892817,19595.8,No
472,58.2537,5.88248,-0.112045,0.0869532,19306.5,No
473,58.2565,5.87896,-0.10907,0.0862278,19027.7,No
474,58.2593,5.87554,-0.10593,0.0858398,18757.9,No
475,58.262,5.87223,-0.102645,0.0850258,18497.2,No
476,58.2647,5.8691,-0.0973742,0.0837406,18247.5,No
477,58.2674,5.86615,-0.0916849,0.0824034,18008.7,No
478,58.27,5.86339,-0.0859667,0.0810929,17777.2,No
479,58.2726,5.86094,-0.0768702,0.078824,17553.6,No
480,58.275,5.8588,-0.0671352,0.0763721,17338.3,No
481,58.2774,5.85696,-0.0574383,0.0739301,17125.9,No
482,58.2798,5.85538,-0.0496553,0.0730335,16914.5,No
483,58.2821,5.85404,-0.0422711,0.0724298,16701.8,No
484,58.2845,5.8529,-0.0349205,0.0718106,16485.7,No
485,58.2868,5.85179,-0.0342729,0.0725622,16268.8,No
486,58.2892,5.85065,-0.034983,0.0735767,16052.7,No
487,58.2916,5.84948,-0.0357184,0.0745771,15835.5,No
488,58.2941,5.84821,-0.0385859,0.0764755,15616.9,No
489,58.2967,5.84684,-0.0418645,0.0785595,15400.4,No
490,58.2993,5.84536,-0.0451304,0.0806488,15184.9,No
491,58.3019,5.84382,-0.0472056,0.0805922,14974.8,No
492,58.3045,5.84222,-0.0490384,0.0801141,14776.6,No
493,58.3071,5.84055,-0.0508663,0.0796439,14581.1,No
494,58.3097,5.83873,-0.0554776,0.0804602,14362.3,No
495,58.3124,5.83674,-0.0605917,0.0814996,14130.8,No
496,58.315,5.83462,-0.0656434,0.0825007,13906.5,No
497,58.3176,5.83261,-0.062515,0.0792078,13698.3,No
498,58.32,5.83075,-0.0577839,0.0751019,13503.9,No
499,58.3223,5.82905,-0.0530776,0.0710375,13324.7,No
500,58.3245,5.82753,-0.0475616,0.0681579,13151.2,No
501,58.3266,5.82619,-0.0418881,0.0655144,12984.9,No
502,58.3286,5.82502,-0.0362237,0.0628735,12823.5,No
503,58.3307,5.82389,-0.0348164,0.0633281,12660.4,No
504,58.3328,5.82278,-0.0342775,0.0643934,12496.3,No
505,58.3349,5.82169,-0.0337582,0.0654492,12333.3,No
506,58.3371,5.8206,-0.0333395,0.0658668,12171.5,No
507,58.3392,5.81954,-0.0329528,0.0661677,12010.4,No
508,58.3414,5.81848,-0.0325817,0.0664796,11852.2,No
509,58.3435,5.81745,-0.0317345,0.0661949,11698.3,No
510,58.3456,5.81646,-0.0307859,0.0657771,11548.2,No
511,58.3477,5.8155,-0.0298326,0.065346,11399.7,No
512,58.3498,5.81464,-0.0269761,0.0637424,11255.2,No
513,58.3518,5.81388,-0.0237423,0.0619061,11114.3,No
514,58.3538,5.81321,-0.0205124,0.0600703,10976.4,No
515,58.3557,5.81253,-0.0207051,0.0609001,10838,No
516,58.3578,5.81183,-0.0215728,0.0622567,10701.5,No
517,58.3598,5.8111,-0.0224301,0.0636059,10565.4,No
518,58.3619,5.81041,-0.0213614,0.0629194,10433.3,No
519,58.3639,5.80977,-0.0199263,0.0618403,10305.7,No
520,58.3658,5.80917,-0.0185105,0.060776,10181.9,No
521,58.3677,5.80863,-0.016822,0.0587865,10062.4,No
522,58.3695,5.80815,-0.0150998,0.0566292,9947.88,No
523,58.3713,5.80772,-0.0134014,0.0544916,9838.34,No
524,58.3729,5.80738,-0.0109506,0.0509503,9733.04,No
525,58.3744,5.80712,-0.00836083,0.0471366,9635.58,No
526,58.3758,5.80693,-0.00580263,0.0432222,9541.52,No
527,58.3772,5.80679,-0.00453854,0.0407296,9451.24,No
528,58.3784,5.80668,-0.0035376,0.0385581,9367.2,No
529,58.3796,5.8066,-0.00254602,0.0364149,9286.12,No
530,58.3807,5.80653,-0.00218109,0.0347715,9208.22,No
531,58.3818,5.80647,-0.00194255,0.0332418,9135.21,No
532,58.3828,5.80641,-0.00170615,0.0317292,9066.76,No
533,58.3838,5.80636,-0.00149086,0.0306248,9000.2,No
534,58.3847,5.80632,-0.00128112,0.0296102,8935.41,No
535,58.3857,5.80629,-0.00107299,0.0286057,8872.68,No
536,58.3866,5.80629,-9.5386e-05,0.0291447,8808.35,No
537,58.3876,5.80633,0.0010283,0.0299814,8738.98,No
538,58.3886,5.80641,0.00214212,0.030804,8663.02,No
539,58.3898,5.80658,0.0046939,0.0353577,8570.08,No
540,58.3911,5.80683,0.00750433,0.0405835,8461.44,No
541,58.3926,5.80717,0.0102767,0.0457181,8335.36,No
542,58.3941,5.80754,0.0113447,0.0463094,8206.1,No
543,58.3956,5.80794,0.0120679,0.0460054,8079.07,No
544,58.3971,5.80836,0.0127824,0.0457064,7948.86,No
545,58.3986,5.80885,0.0148259,0.0468458,7812.42,No
546,58.4002,5.80942,0.0171027,0.0482413,7669.02,No
547,58.4018,5.81005,0.0193409,0.0496015,7515.08,No
548,58.4035,5.81075,0.0210903,0.050354,7360.55,No
549,58.4051,5.81149,0.0227197,0.050971,7200.05,No
550,58.4068,5.81229,0.024319,0.0515669,7034.38,No
551,58.4086,5.81315,0.0261708,0.0530055,6864.84,No
552,58.4103,5.81407,0.0280392,0.0545716,6684.63,No
553,58.4122,5.81505,0.0298648,0.0560877,6506.21,No
554,58.414,5.816,0.0295395,0.0573584,6325.99,No
555,58.416,5.81694,0.0287971,0.0585522,6153.69,No
556,58.4179,5.81785,0.0280652,0.0597121,5984.7,No
557,58.4198,5.8187,0.0265093,0.0587309,5828.54,No
558,58.4217,5.81951,0.0248182,0.0573509,5685.06,No
559,58.4235,5.82026,0.0231593,0.0559977,5551.6,No
560,58.4254,5.82097,0.021995,0.0568097,5430.88,No
561,58.4272,5.82165,0.0209388,0.0580109,5313.21,No
562,58.4292,5.82228,0.0198962,0.0591659,5215.18,No
563,58.4312,5.82279,0.0161223,0.0613188,5129.21,No
564,58.4333,5.82316,0.011876,0.0636087,5077.19,No
565,58.4354,5.82339,0.0077144,0.0658286,5039.94,No
566,58.4375,5.82352,0.0043832,0.0631618,5035.94,No
567,58.4394,5.82355,0.00126674,0.059611,5042.61,No
568,58.4412,5.82349,-0.00179148,0.0561491,4918.73,No
569,58.4429,5.82335,-0.00394217,0.0535295,4782.44,No
570,58.4446,5.82315,-0.00588982,0.0511216,4625.06,No
571,58.4462,5.8229,-0.00780965,0.0487693,4458.16,No
572,58.4477,5.82267,-0.00706716,0.0457313,4304.36,No
573,58.449,5.82249,-0.00581353,0.042609,4161.45,No
574,58.4503,5.82234,-0.00457819,0.0395464,4028.37,No
575,58.4515,5.8222,-0.00433318,0.0375796,3902.15,No
576,58.4527,5.82206,-0.00428583,0.0358538,3782.54,No
577,58.4538,5.82192,-0.0042403,0.0341576,3669.77,No
578,58.4548,5.82178,-0.00429894,0.0324358,3563.52,No
579,58.4558,5.82164,-0.00437812,0.0307292,3463.26,No
580,58.4568,5.8215,-0.0044574,0.0290483,3370.32,No
581,58.4576,5.82139,-0.00354379,0.0266555,3285.28,No
582,58.4584,5.82131,-0.00244163,0.0241479,3207.72,No
583,58.4591,5.82127,-0.0013491,0.0216699,3136.89,No
584,58.4597,5.82125,-0.000799244,0.0198771,3071.25,No
585,58.4603,5.82124,-0.000359834,0.0182342,3010.95,No
586,58.4608,5.82124,7.67299e-05,0.0166064,2956.12,No
587,58.4614,5.82128,0.000883287,0.0159506,2902.13,No
588,58.4619,5.82134,0.00175944,0.0154911,2848.55,No
589,58.4624,5.82143,0.0026301,0.0150339,2794.21,No
590,58.4629,5.82156,0.00397203,0.0165778,2732.1,No
591,58.4635,5.82174,0.0053982,0.0185014,2661.34,No
592,58.4642,5.82197,0.00681041,0.0203973,2579.92,No
593,58.465,5.82227,0.00896269,0.0254029,2479.1,No
594,58.4661,5.82265,0.0112326,0.0309492,2356.54,No
595,58.4673,5.82309,0.0134608,0.0363869,2214.69,No
596,58.4686,5.82354,0.0138727,0.0393038,2065.96,No
597,58.4692,5.8237,0.0139799,0.0418652,1995.36,No
598,58.4693,5.82356,0.0141362,0.0445766,1995.12,No
599,58.4694,5.82326,0.0127621,0.0516266,1994.05,No
600,58.4696,5.82277,0.011077,0.0595139,1992.82,No
601,58.47,5.82208,0.0093871,0.0673508,1994.84,No
602,58.4705,5.8212,0.00397683,0.0716338,1994.86,No
603,58.471,5.82015,-0.00216882,0.0751905,1994.73,No
604,58.4716,5.81904,-0.00830182,0.0787158,1988.57,No
605,58.4717,5.81821,-0.0119947,0.0788833,1985.63,No
606,58.4717,5.81765,-0.0151995,0.0783864,1983.87,No
607,58.4717,5.81705,-0.0184114,0.0778951,1983.94,No
608,58.4717,5.81644,-0.0188864,0.0783218,1983.94,No
609,58.4717,5.81583,-0.0188093,0.0789315,1983.94,No
610,58.4717,5.81522,-0.0187276,0.0795392,1983.7,No
611,58.4718,5.81461,-0.0165665,0.0794476,1981,No
612,58.4718,5.81397,-0.0139849,0.0792086,1983.44,No
613,58.4719,5.81334,-0.0113978,0.0789598,1983.7,No
614,58.4719,5.81289,-0.00622089,0.074834,1983.54,No
615,58.472,5.81263,-0.000522884,0.069932,1983.61,No
616,58.472,5.81257,0.00517924,0.0650262,1983.61,No
617,58.472,5.81272,0.0111438,0.0612972,1983.5,No
618,58.4719,5.81308,0.0171595,0.0578004,1983.66,No
619,58.4718,5.81361,0.0231697,0.0542984,1983.64,No
620,58.4718,5.81412,0.0232625,0.0658704,1982.79,No
621,58.4718,5.81464,0.0221759,0.0804391,1980.86,No
622,58.4717,5.81521,0.0210932,0.0949791,1983.26,No
623,58.4717,5.81587,0.0208027,0.100806,1983.37,No
624,58.4717,5.81654,0.0206667,0.104897,1983.52,No
625,58.4717,5.81714,0.0205272,0.108996,1983.52,No
626,58.4717,5.81725,0.00562958,0.126954,1983.52,No
627,58.4717,5.81678,-0.0122382,0.147757,1983.52,No
628,58.4717,5.81578,-0.0301685,0.168661,1983.52,No
629,58.4718,5.81447,-0.0362035,0.166138,1981.28,No
630,58.472,5.81265,-0.0398789,0.158832,1983.39,No
631,58.4722,5.81059,-0.0435805,0.151474,1979.78,No
632,58.4732,5.80767,-0.0501707,0.147528,1982.89,No
633,58.4749,5.80432,-0.0571788,0.143909,1983.05,No
634,58.4759,5.80122,-0.0643252,0.140766,1982.62,No
635,58.4759,5.79893,-0.0702541,0.135046,1982.69,No
636,58.4759,5.79645,-0.075941,0.128649,1982.78,No
637,58.4759,5.79377,-0.0816894,0.122223,1979.99,No
638,58.4763,5.79071,-0.0834745,0.115132,1982.64,No
639,58.4772,5.78731,-0.0842261,0.10757,1981.97,No
640,58.479,5.78386,-0.0845619,0.0995554,1982.72,No
641,58.4816,5.78078,-0.0836268,0.0927839,1980.39,No
642,58.4843,5.77807,-0.082376,0.0863208,1981.78,No
643,58.4871,5.77557,-0.0811426,0.0800179,1982.77,No
644,58.49,5.77365,-0.0809091,0.0772337,1981.43,No
645,58.4931,5.77249,-0.0807096,0.0751041,1981.67,No
646,58.4958,5.772,-0.0804994,0.0730757,1982.13,No
647,58.4982,5.7718,-0.0755449,0.0677311,1978.9,No
648,58.4999,5.77198,-0.0699838,0.0620484,1982.02,No
649,58.5015,5.77216,-0.0646138,0.0565459,1982.6,No
650,58.5031,5.77211,-0.0567062,0.0509324,1982.03,No
651,58.5048,5.77175,-0.0484714,0.0453977,1981.98,No
652,58.5062,5.77073,-0.0405842,0.0401053,1996.05,No
653,58.5068,5.76945,-0.0327085,0.0360099,1987.08,No
654,58.5074,5.76842,-0.0248078,0.0321406,1984.33,No
655,58.5079,5.76763,-0.0169281,0.0282905,1986.24,No
656,58.5083,5.76697,-0.0127065,0.0261239,1986.08,No
657,58.5087,5.76641,-0.00922364,0.0243084,1985.96,No
658,58.5091,5.76595,-0.00575181,0.0225105,1985.89,No
659,58.5093,5.7656,0.000852932,0.0243618,1986.03,No
660,58.5095,5.76535,0.00807583,0.0269428,1985.83,No
661,58.5097,5.76519,0.0152923,0.0295281,1985.64,No
662,58.5098,5.76506,0.0209485,0.0331027,1985,No
663,58.5099,5.76495,0.0262882,0.0368754,1984.38,No
664,58.51,5.76487,0.031624,0.0406484,1983.81,No
665,58.51,5.76479,0.033608,0.0417822,1983.04,No
666,58.5101,5.76471,0.0349212,0.0423874,1982.31,No
667,58.5102,5.76462,0.0362309,0.0429883,1981.46,No
668,58.5104,5.76444,0.034182,0.0449666,1981.24,No
669,58.5106,5.76417,0.0314468,0.0471934,1983.22,No
670,58.511,5.7638,0.0286963,0.0493859,1984.62,No
671,58.5115,5.76328,0.0234211,0.0537071,1984.64,No
672,58.5122,5.76262,0.0176706,0.0584148,1984.59,No
673,58.5128,5.76184,0.0119601,0.0630861,1984.56,No
674,58.5134,5.76107,0.0132564,0.0680154,1985.11,No
675,58.5138,5.76042,0.0159564,0.0730454,1989.91,No
676,58.514,5.75992,0.0186662,0.0781187,1985.99,No
677,58.5141,5.75956,0.0222325,0.0841551,1985.26,No
678,58.5142,5.7593,0.02597,0.0903881,1985.29,No
679,58.5143,5.75907,0.0297063,0.0966195,1985.37,No
680,58.5145,5.75875,0.0301928,0.105998,1985.51,No
681,58.5146,5.75832,0.0300229,0.115982,1985.48,No
682,58.5149,5.75769,0.0298392,0.125913,1985.22,No
683,58.5155,5.75625,0.00762363,0.131698,1981.93,No
684,58.5167,5.75387,-0.0188156,0.136227,1984.76,No
685,58.5175,5.75133,-0.045129,0.141123,1985.56,No
686,58.5176,5.74952,-0.0551181,0.141884,1985.29,No
687,58.5176,5.74736,-0.0618495,0.141685,1984.79,No
688,58.5179,5.74463,-0.068556,0.141348,1985.05,No
689,58.5189,5.74133,-0.0703878,0.140308,1985.03,No
690,58.5206,5.73771,-0.0709033,0.13855,1985.31,No
691,58.5217,5.73444,-0.071729,0.137369,1984.4,No
692,58.5217,5.7319,-0.0782356,0.136652,1985.13,No
693,58.5214,5.73043,-0.0859096,0.135975,1984.41,No
694,58.521,5.7296,-0.0935718,0.135193,1984.46,No
695,58.5205,5.7287,-0.097706,0.127894,1984.37,No
696,58.52,5.72771,-0.101215,0.119274,1984.1,No
697,58.5194,5.7264,-0.104923,0.110699,1984.54,No
698,58.5187,5.72467,-0.103904,0.106998,1983.98,No
699,58.5181,5.72268,-0.1019,0.104234,1981.33,No
700,58.5177,5.71996,-0.0998088,0.101353,1984.29,No
701,58.5176,5.71708,-0.0951239,0.0959334,1984.43,No
702,58.5176,5.7142,-0.0897815,0.0898828,1984.34,No
703,58.5176,5.7115,-0.0843467,0.083751,1984.34,No
704,58.5177,5.70879,-0.0795533,0.0774596,1984.34,No
705,58.5181,5.70613,-0.0747649,0.0710315,1980.41,No
706,58.5191,5.7035,-0.0696498,0.064342,1984.41,No
707,58.5202,5.70115,-0.0621744,0.0587983,1984.46,No
708,58.5212,5.69908,-0.054306,0.0535335,1984.44,No
709,58.5217,5.69733,-0.0466691,0.0484561,1985.85,No
710,58.5217,5.69614,-0.0378066,0.0432417,1984.36,No
711,58.5217,5.69525,-0.028617,0.0379494,1984.45,No
712,58.5217,5.69464,-0.0193812,0.0326337,1984.45,No
713,58.5217,5.69414,-0.0152936,0.0293565,1983.51,No
714,58.5218,5.69372,-0.0122289,0.0264814,1981.85,No
715,58.5218,5.69338,-0.00915586,0.0236002,1983.62,No
716,58.5218,5.69311,-0.00684505,0.020979,1984.53,No
717,58.5218,5.6929,-0.00468306,0.0184069,1984.55,No
718,58.5218,5.69278,-0.00251814,0.0158328,1984.44,No
719,58.5218,5.69278,0.000471686,0.00898195,1984.36,No
720,58.5218,5.6929,0.00362603,0.00127682,1984.38,No
721,58.5218,5.69314,0.00677909,-0.00642513,1984.12,No
722,58.5218,5.6934,0.00699054,-0.0096836,1983.49,No
723,58.5218,5.69364,0.00661466,-0.0120543,1982.37,No
724,58.5217,5.69386,0.00623972,-0.0144256,1982.53,No
725,58.5217,5.69408,0.00618434,-0.0127695,1983.39,No
726,58.5217,5.69429,0.00619276,-0.0103088,1983.88,No
727,58.5217,5.6945,0.0062013,-0.0078493,1984.4,No
728,58.5217,5.69472,0.00664491,-0.00500313,1984.53,No
729,58.5217,5.69495,0.00717498,-0.00208151,1984.45,No
730,58.5217,5.6952,0.00770458,0.000837534,1984.45,No
731,58.5217,5.69544,0.00740701,0.00310134,1984.45,No
732,58.5217,5.69566,0.00694569,0.00523119,1984.45,No
733,58.5217,5.69582,0.00648581,0.00735893,1984.45,No
734,58.5217,5.69556,-0.00625463,0.0178719,1984.45,No
735,58.5217,5.6948,-0.021494,0.0300903,1984.45,No
736,58.5218,5.69357,-0.036809,0.0423468,1982.64,No
737,58.5219,5.69224,-0.0370721,0.0442161,1984.45,No
738,58.522,5.69099,-0.0343001,0.0440003,1984.58,No
739,58.5222,5.68981,-0.0315038,0.0437709,1981.55,No
740,58.5225,5.68868,-0.0265873,0.0426473,1984.36,No
741,58.5229,5.68766,-0.0212413,0.0413354,1983.76,No
742,58.5232,5.68679,-0.0159032,0.0400305,1984.22,No
743,58.5236,5.68602,-0.0122778,0.0388918,1984.25,No
744,58.5239,5.68533,-0.00899627,0.0377783,1981.81,No
745,58.5242,5.68471,-0.00572224,0.036666,1984.02,No
746,58.5245,5.68423,0.00139735,0.0396649,1984.19,No
747,58.5246,5.68391,0.00927924,0.0434957,1984,No
748,58.5248,5.68368,0.0171566,0.0473347,1984.13,No
749,58.525,5.6831,0.00889677,0.0580097,1984.3,No
750,58.5255,5.6821,-0.00257873,0.0700039,1984.49,No
751,58.5259,5.68089,-0.0140545,0.0820389,1987.46,No
752,58.5261,5.67977,-0.0222369,0.0874992,1984.63,No
753,58.5262,5.67844,-0.0297754,0.0916489,1984.78,No
754,58.5265,5.67673,-0.0373112,0.0957565,1982.5,No
755,58.5273,5.67456,-0.0407769,0.0965739,1984.53,No
756,58.5284,5.6722,-0.0433186,0.0965835,1985.09,No
757,58.5302,5.66973,-0.0455878,0.0962096,1985.46,No
758,58.5324,5.66739,-0.0462185,0.0954283,1984.21,No
759,58.5344,5.66497,-0.0466633,0.0948401,1986.06,No
760,58.5354,5.66253,-0.047437,0.0948078,1985.64,No
761,58.5366,5.65995,-0.0518437,0.096901,1984.47,No
762,58.5383,5.65715,-0.0567066,0.0990937,1985.36,No
763,58.5396,5.65426,-0.06168,0.1015,1986.69,No
764,58.5409,5.65135,-0.0642382,0.0969474,1986.71,No
765,58.543,5.64855,-0.0658682,0.0906386,1986.7,No
766,58.5454,5.64612,-0.0670893,0.0841585,1986.31,No
767,58.5477,5.64375,-0.0642534,0.0791319,1982.43,No
768,58.5501,5.64178,-0.0605267,0.0743065,1987.28,No
769,58.5526,5.64026,-0.0568033,0.0694947,1986.1,No
770,58.555,5.6393,-0.0526319,0.0649456,1986.75,No
771,58.5572,5.63825,-0.0486001,0.0606242,1986.04,No
772,58.5591,5.63706,-0.0448068,0.0564863,1986.08,No
773,58.561,5.63605,-0.0405106,0.0526042,1985.76,No
774,58.5628,5.63535,-0.0362029,0.0488134,1986.11,No
775,58.5644,5.63469,-0.0320557,0.0451283,1988.19,No
776,58.5657,5.63384,-0.0269059,0.0418843,1984.68,No
777,58.5668,5.63296,-0.0217111,0.0388184,1984.66,No
778,58.5677,5.63213,-0.0166567,0.0358358,1984.54,No
779,58.5684,5.63136,-0.0124043,0.035224,1981.98,No
780,58.5692,5.63066,-0.0083598,0.0350897,1983.92,No
781,58.5699,5.63003,-0.00437795,0.0349648,1984.65,No
782,58.5705,5.62938,-0.00579007,0.0340525,1984.55,No
783,58.5712,5.62871,-0.00824076,0.0329822,1984.42,No
784,58.5719,5.62802,-0.0106585,0.0319165,1984.57,No
785,58.5724,5.62739,-0.00913032,0.0293066,1983.13,No
786,58.5729,5.62686,-0.00684514,0.0264187,1981.02,No
787,58.5734,5.62641,-0.00458859,0.0235627,1984.27,No
788,58.5738,5.62603,-0.00319951,0.0214286,1984.87,No
789,58.5742,5.62569,-0.00199515,0.0194574,1984.94,No
790,58.5745,5.6254,-0.000803808,0.0175072,1984.87,No
791,58.5748,5.62516,0.001423,0.0163063,1984.78,No
792,58.5749,5.62499,0.0038515,0.0152649,1984.87,No
793,58.5751,5.62486,0.00628129,0.0142397,1984.97,No
794,58.5752,5.62475,0.00675548,0.0134147,1984.94,No
795,58.5752,5.62466,0.00683783,0.0126299,1984.99,No
796,58.5753,5.62459,0.0069195,0.0118451,1985,No
797,58.5754,5.62451,0.0064364,0.011414,1984.87,No
798,58.5755,5.62443,0.00584092,0.0110537,1984.78,No
799,58.5756,5.62434,0.00524608,0.0106936,1984.91,No
800,58.5756,5.62425,0.00522765,0.0110022,1984.98,No
801,58.5757,5.62416,0.00532328,0.0114457,1985.07,No
802,58.5758,5.62406,0.00541755,0.0118907,1985.15,No
803,58.5759,5.62397,0.00607555,0.012132,1985.1,No
804,58.576,5.6239,0.00684691,0.0123317,1984.96,No
805,58.576,5.62384,0.00761859,0.012531,1984.88,No
806,58.576,5.62383,0.0114763,0.013435,1984.77,No
807,58.576,5.62388,0.0159498,0.0144813,1984.92,No
808,58.5759,5.624,0.02042,0.0155291,1984.84,No
809,58.5757,5.62415,0.02388,0.0165584,1984.75,No
810,58.5756,5.62434,0.0271391,0.0175843,1984.72,No
811,58.5754,5.62455,0.0304,0.0186105,1984.72,No
812,58.5752,5.62475,0.0325306,0.0210372,1984.66,No
813,58.575,5.62492,0.0344408,0.0237393,1984.75,No
814,58.5749,5.62506,0.0363681,0.0264457,1984.75,No
815,58.5749,5.62506,0.0302113,0.0289409,1984.71,No
816,58.575,5.62489,0.0224315,0.0313821,1984.75,No
817,58.5753,5.62458,0.0146624,0.0338173,1984.66,No
818,58.5757,5.62419,0.0125085,0.0364203,1984.74,No
819,58.5761,5.62376,0.0114773,0.0390733,1984.81,No
820,58.5766,5.62326,0.0104445,0.0417419,1983.61,No
821,58.5771,5.62269,0.00945266,0.0444926,1981.21,No
822,58.5778,5.62205,0.00847845,0.0472348,1984.28,No
823,58.5785,5.62136,0.0075191,0.0499762,1984.27,No
824,58.5791,5.62065,0.00684713,0.0516236,1984.39,No
825,58.5797,5.61993,0.00623791,0.0530751,1984.45,No
826,58.5801,5.61922,0.00563421,0.0545578,1985.79,No
827,58.5805,5.61859,0.00532323,0.0559635,1988.11,No
828,58.5808,5.61802,0.00506449,0.057371,1985.23,No
829,58.581,5.6175,0.00480045,0.058793,1985.41,No
830,58.5812,5.61697,0.00448358,0.0604221,1985.61,No
831,58.5814,5.6164,0.00415542,0.062102,1985.77,No
832,58.5816,5.6158,0.00382632,0.0637938,1985.79,No
833,58.5819,5.61512,0.00249937,0.0652508,1985.27,No
834,58.5824,5.61426,0.000956394,0.0666604,1984.23,No
835,58.583,5.61323,-0.000605543,0.0680367,1986.24,No
836,58.5838,5.61212,-0.00401358,0.0666782,1986.13,No
837,58.5847,5.61094,-0.00781959,0.064729,1985.42,No
838,58.5859,5.60974,-0.0116243,0.0626295,1985.31,No
839,58.5874,5.6086,-0.0127128,0.0626302,1986.08,No
840,58.589,5.6075,-0.0132282,0.0630418,1985.52,No
841,58.5908,5.60661,-0.0136479,0.0632761,1986.05,No
842,58.5928,5.60584,-0.0118048,0.0649328,1985.59,No
843,58.5946,5.60487,-0.00960052,0.0670205,1984.69,No
844,58.5961,5.60368,-0.00748506,0.0693636,1984.63,No
845,58.5973,5.60248,-0.00586468,0.0688608,1983.95,No
846,58.5985,5.60132,-0.00434712,0.0677417,1984.89,No
847,58.5997,5.60021,-0.00283507,0.0665729,1985.13,No
848,58.6007,5.59923,0.00245005,0.0645852,1985.27,No
849,58.6014,5.59838,0.00851698,0.0624646,1984.72,No
850,58.6021,5.59767,0.0146078,0.0603336,1981.92,No
851,58.6028,5.59706,0.0209778,0.0586396,1984.98,No
852,58.6032,5.5966,0.0273978,0.0570443,1984.96,No
853,58.6035,5.59626,0.0338182,0.0554583,1984.95,No
854,58.604,5.59579,0.0311083,0.0623679,1985.09,No
855,58.6045,5.59516,0.0265693,0.0710195,1985.18,No
856,58.605,5.59438,0.02202,0.0797477,1985.81,No
857,58.6054,5.5937,0.0185728,0.0805732,1990.15,No
858,58.6057,5.5931,0.0153355,0.0798318,1986.48,No
859,58.6059,5.59255,0.0120799,0.079107,1986.3,No
860,58.6062,5.59196,0.00948749,0.0781844,1986.53,No
861,58.6064,5.59131,0.00701651,0.077227,1986.62,No
862,58.6067,5.5906,0.00452902,0.076273,1986.69,No
863,58.607,5.58985,0.00558267,0.0758606,1984.65,No
864,58.6075,5.58901,0.00736705,0.0755512,1986.23,No
865,58.6081,5.58809,0.00917107,0.0752214,1986.69,No
866,58.6088,5.58717,0.00966235,0.0742016,1986.69,No
867,58.6095,5.58623,0.00989562,0.0730116,1986.51,No
868,58.6104,5.58527,0.010137,0.0717521,1981.75,No
869,58.6115,5.58429,0.00936208,0.0692935,1986.42,No
870,58.6127,5.58336,0.00836704,0.0665309,1986.3,No
871,58.614,5.58247,0.00735582,0.0637251,1987.02,No
872,58.6151,5.58155,0.00594352,0.0629219,1989.08,No
873,58.6158,5.58067,0.00443699,0.0626651,1986.71,No
874,58.6164,5.57979,0.0029139,0.0624363,1986.13,No
875,58.6171,5.5789,0.000686735,0.0590181,1986.09,No
876,58.6177,5.57801,-0.00170151,0.0549372,1986.24,No
877,58.6185,5.57713,-0.00410669,0.0508097,1981.8,No
878,58.6194,5.57626,-0.00569042,0.048504,1985.81,No
879,58.6205,5.57545,-0.00709448,0.0465303,1985.97,No
880,58.6216,5.57468,-0.00849022,0.0445502,1985.99,No
881,58.6227,5.57394,-0.0107438,0.0428442,1983.04,No
882,58.624,5.57335,-0.0131269,0.0411106,1986.2,No
883,58.6253,5.57279,-0.0155254,0.0394041,1988.18,No
884,58.6264,5.57195,-0.0207178,0.0405285,1981.69,No
885,58.6271,5.5707,-0.0266379,0.0423465,1989.22,No
886,58.6278,5.56928,-0.0327509,0.0442624,1984.88,No
887,58.6287,5.56768,-0.0368272,0.0497035,1985.76,No
888,58.6299,5.56595,-0.0405845,0.0559733,1985.76,No
889,58.6315,5.56415,-0.044438,0.0623635,1983.09,No
890,58.6333,5.56231,-0.0462358,0.0656727,1984.48,No
891,58.6347,5.56025,-0.0477886,0.0685544,1988.16,No
892,58.6356,5.55809,-0.0494752,0.0716076,1985.74,No
893,58.6365,5.5559,-0.0497378,0.0728269,1984.19,No
894,58.638,5.55372,-0.0496379,0.0735938,1986.05,No
895,58.6398,5.55165,-0.0494268,0.0742493,1983.55,No
896,58.6418,5.54982,-0.0454302,0.071969,1985.43,No
897,58.6434,5.54803,-0.0405581,0.0690784,1982.57,No
898,58.6451,5.54645,-0.0354582,0.0660281,1985.2,No
899,58.6466,5.54496,-0.03005,0.0631814,1985.19,No
900,58.6479,5.54359,-0.0244588,0.0603202,1981.43,No
901,58.6491,5.54239,-0.0187142,0.0573586,1984.91,No
902,58.65,5.54133,-0.0128277,0.0530608,1984.91,No
903,58.6507,5.54046,-0.00681927,0.0484137,1985,No
904,58.6511,5.53984,-0.000718183,0.0436635,1987.86,No
905,58.6513,5.53954,0.00983814,0.0425197,1989.88,No
906,58.6513,5.53957,0.0212775,0.0420321,1990.26,No
907,58.6511,5.53982,0.0326647,0.0414874,1987.96,No
908,58.651,5.54,0.0347878,0.0454626,1986.69,No
909,58.651,5.54008,0.0350818,0.0503578,1986.09,No
910,58.651,5.54006,0.0353995,0.0552833,1986.37,No
911,58.6511,5.53977,0.0257016,0.0610209,1988.72,No
912,58.6514,5.53921,0.0139619,0.0670392,1987.27,No
913,58.6518,5.53842,0.00212116,0.0732138,1986.19,No
914,58.6521,5.53756,-0.00125714,0.0747578,1986.6,No
915,58.6525,5.53665,-0.00294921,0.0753894,1986.4,No
916,58.6529,5.53562,-0.00467111,0.0760694,1983.86,No
917,58.6536,5.53438,-0.00509414,0.0788138,1986.66,No
918,58.6546,5.53302,-0.00525947,0.0820375,1986.61,No
919,58.6557,5.53158,-0.00542974,0.0853289,1984.89,No
920,58.6573,5.53014,-0.00497673,0.0857334,1986.53,No
921,58.6592,5.52878,-0.00438395,0.0854742,1986.53,No
922,58.6613,5.52759,-0.00377132,0.085079,1986.29,No
923,58.6637,5.52668,-0.00322171,0.0838773,1986.04,No
924,58.6663,5.52617,-0.00266635,0.0823154,1986.14,No
925,58.6688,5.5259,-0.00210062,0.0806238,1983.9,No
926,58.6713,5.52588,-0.000490201,0.0774088,1986.24,No
927,58.6737,5.52597,0.00132741,0.073885,1986.2,No
928,58.676,5.52624,0.00314019,0.0703153,1986.25,No
929,58.6781,5.52674,0.00566911,0.0682692,1986.18,No
930,58.6801,5.52748,0.00830585,0.0664602,1986.29,No
931,58.6821,5.52776,0.0109322,0.0648655,1986.29,No
932,58.684,5.52728,0.0143823,0.0649114,1985.11,No
933,58.6855,5.52663,0.018024,0.0653144,1994.3,No
934,58.6864,5.52589,0.0217112,0.0658029,1986.37,No
935,58.6869,5.52528,0.0241002,0.0671814,1986.35,No
936,58.6873,5.52476,0.0262279,0.0687175,1986.32,No
937,58.6876,5.52431,0.0283562,0.0702323,1986.29,No
938,58.6879,5.5238,0.0260636,0.0764932,1986.21,No
939,58.6881,5.52331,0.0228559,0.0837323,1989.59,No
940,58.6883,5.52291,0.0196125,0.090967,1996.36,No
941,58.6884,5.52255,0.0143111,0.0960826,1990.02,No
942,58.6885,5.5222,0.00857411,0.100786,1987.01,No
943,58.6885,5.52186,0.00280874,0.105506,1986.47,No
944,58.6885,5.52148,0.000843121,0.106442,1986.65,No
945,58.6886,5.52106,-0.000366285,0.106642,1986.51,No
946,58.6886,5.5206,-0.00158423,0.106867,1986.51,No
947,58.6887,5.52016,-0.000679918,0.111459,1986.58,No
948,58.6887,5.51974,0.000656821,0.116938,1986.54,No
949,58.6888,5.51926,0.00199984,0.122481,1985.68,No
950,58.689,5.51853,0.00248723,0.123255,1983.73,No
951,58.6893,5.51744,0.00280393,0.123279,1986.86,No
952,58.6898,5.51624,0.00312617,0.123368,1986.88,No
953,58.6903,5.51502,0.00512926,0.121484,1986.38,No
954,58.6911,5.51357,0.00750926,0.119296,1987.71,No
955,58.6922,5.51201,0.00993966,0.117103,1987.63,No
956,58.6936,5.51039,0.00993344,0.114864,1983.04,No
957,58.6953,5.50873,0.00941472,0.112551,1986.79,No
958,58.6969,5.50711,0.00887365,0.110165,1986.78,No
959,58.6985,5.50554,0.00968448,0.107839,1986.9,No
960,58.7004,5.50404,0.0107751,0.105399,1987.38,No
961,58.7027,5.50269,0.0118672,0.102786,1986.81,No
962,58.7055,5.50165,0.0120099,0.101839,1986.72,No
963,58.7085,5.50109,0.0119425,0.100985,1986.99,No
964,58.7117,5.50087,0.0118642,0.0999593,1986.74,No
965,58.715,5.50092,0.0110374,0.0992005,1985.83,No
966,58.7181,5.50129,0.0100738,0.0983408,1987.17,No
967,58.7213,5.50132,0.00915579,0.0976872,1986.76,No
968,58.724,5.50063,0.00619488,0.095359,1987.02,No
969,58.7262,5.49933,0.00278687,0.0929521,1986.98,No
970,58.7285,5.49819,-0.000676466,0.0903808,1988.39,No
971,58.7305,5.49707,-0.00163587,0.0815996,1982.4,No
972,58.7311,5.49601,-0.00209067,0.0715524,1989.76,No
973,58.7315,5.49522,-0.00254116,0.0613061,1988.51,No
974,58.7318,5.49451,-0.00309077,0.054775,1987.14,No
975,58.7321,5.49381,-0.00366536,0.0489561,1984.27,No
976,58.7325,5.49314,-0.00424508,0.0430879,1986.47,No
977,58.7328,5.49249,-0.00509769,0.039296,1986.68,No
978,58.7331,5.49187,-0.00600849,0.0358991,1986.51,No
979,58.7334,5.49124,-0.00692523,0.0324808,1986.58,No
980,58.7338,5.49041,-0.0149923,0.0321785,1986.44,No
981,58.7342,5.48935,-0.0246174,0.0325444,1990.9,No
982,58.7344,5.48809,-0.0344209,0.0329581,1986.69,No
983,58.7345,5.48668,-0.0399785,0.0337561,1986.72,No
984,58.7348,5.48507,-0.0447777,0.0346699,1984.69,No
985,58.7355,5.48328,-0.0496976,0.0356265,1986.27,No
986,58.7362,5.48142,-0.0517725,0.0374525,1984.02,No
987,58.7374,5.47962,-0.0532401,0.0394606,1987.11,No
988,58.7387,5.47785,-0.0546934,0.0414874,1987.1,No
989,58.7402,5.47631,-0.0533313,0.0418439,1986.79,No
990,58.7419,5.47506,-0.0512797,0.0417936,1987.11,No
991,58.7435,5.47397,-0.0491426,0.0416972,1984.91,No
992,58.745,5.47327,-0.0409735,0.0389664,1986.79,No
993,58.7463,5.47276,-0.0315537,0.0356816,1986.51,No
994,58.7475,5.47236,-0.0221001,0.0323758,1985.19,No
995,58.7488,5.47209,-0.014926,0.0387176,1986.88,No
996,58.7504,5.4719,-0.00819742,0.046972,1986.89,No
997,58.7522,5.47176,-0.0014656,0.0552001,1982.42,No
998,58.7542,5.47196,0.00352677,0.0620596,1986.73,No
999,58.7565,5.47231,0.00813133,0.06859,1983.59,No
1000,58.7588,5.47312,0.0126561,0.0748947,1986.62,No
1001,58.761,5.47416,0.0161943,0.0758709,1986.57,No
1002,58.763,5.47553,0.0194586,0.0756634,1987.24,No
1003,58.7648,5.47705,0.0226339,0.0753795,1982.61,No
1004,58.7662,5.47881,0.0290482,0.0740618,1987.45,No
1005,58.7675,5.48073,0.0359455,0.0725198,1986.62,No
1006,58.7685,5.48277,0.0426424,0.0709643,1989.06,No
1007,58.7699,5.48484,0.0483069,0.0680127,1984.27,No
1008,58.7723,5.48601,0.053895,0.0651451,1987.43,No
1009,58.7746,5.4874,0.0592792,0.062215,1987.76,No
1010,58.7768,5.4891,0.0634302,0.0589112,1985.6,No
1011,58.7787,5.49124,0.0670893,0.0554768,1987.54,No
1012,58.7803,5.49362,0.070507,0.052057,1984.1,No
1013,58.7814,5.49629,0.0738099,0.0515012,1986.87,No
1014,58.7827,5.499,0.0769303,0.0514624,1986.03,No
1015,58.7843,5.50167,0.0798674,0.0513812,1984.83,No
1016,58.7855,5.50448,0.079856,0.0510349,1985.48,No
1017,58.7863,5.5073,0.0792679,0.0506488,1985.85,No
1018,58.7866,5.51005,0.078712,0.0502967,1988.91,No
1019,58.7877,5.51279,0.0778645,0.0496559,1985.83,No
1020,58.7891,5.51545,0.0769724,0.0489741,1986,No
1021,58.7901,5.51814,0.0760472,0.0482848,1985.51,No
1022,58.7917,5.52055,0.074391,0.0470442,1984.38,No
1023,58.7936,5.52254,0.0727886,0.0458124,1982.6,No
1024,58.7953,5.5246,0.0711604,0.0445707,1985.7,No
1025,58.7969,5.52679,0.0695568,0.0438471,1988.03,No
1026,58.7987,5.52843,0.0682713,0.0433949,1985.24,No
1027,58.8007,5.52945,0.0673347,0.0431425,1985.15,No
1028,58.8024,5.52997,0.0646602,0.0435174,1978.41,No
1029,58.8029,5.52977,0.062121,0.0443381,1967.32,No
1030,58.8032,5.52961,0.0595803,0.045169,1967.23,No
1031,58.8034,5.52946,0.0560486,0.0443563,1967.23,No
1032,58.8037,5.52932,0.0523129,0.0432115,1967.24,No
1033,58.8039,5.52917,0.0485708,0.0420645,1967.22,No
1034,58.8041,5.52902,0.0466934,0.0423172,1967.33,No
1035,58.8043,5.52887,0.0451897,0.0428535,1967.42,No
1036,58.8045,5.52871,0.0436854,0.0433933,1967.54,No
1037,58.8047,5.52856,0.0414337,0.0426186,1967.58,No
1038,58.8049,5.52841,0.0390269,0.0415781,1967.56,No
1039,58.805,5.52827,0.0366134,0.0405341,1967.59,No
1040,58.8052,5.52816,0.0348281,0.0382198,1967.73,No
1041,58.8053,5.52808,0.0331612,0.0356418,1967.64,No
1042,58.8053,5.52802,0.0314868,0.0330543,1967.77,No
1043,58.8054,5.52799,0.0305327,0.0308043,1967.71,No
1044,58.8054,5.52799,0.0297185,0.0286173,1967.73,No
1045,58.8053,5.52801,0.0288987,0.0264248,1967.78,No
1046,58.8053,5.52809,0.0283022,0.0222598,1967.72,No
1047,58.8051,5.52822,0.0277426,0.0176994,1967.64,No
1048,58.8049,5.5284,0.0271751,0.0131421,1967.54,No
1049,58.8046,5.52863,0.0309442,0.0114798,1967.55,No
1050,58.8043,5.5289,0.0355607,0.0104015,1967.5,No
1051,58.8038,5.5292,0.0401583,0.00933315,1967.64,No
1052,58.8034,5.52946,0.0400312,0.00803397,1967.68,No
1053,58.803,5.5297,0.0389707,0.00668972,1967.7,No
1054,58.8027,5.52987,0.0379343,0.00534922,1970.05,No
1055,58.8025,5.52992,0.0343204,0.00548923,1973.47,No
1056,58.8025,5.52994,0.0301925,0.00592585,1975.05,No
1057,58.8025,5.52994,0.0260661,0.00636281,1975.19,No
1058,58.8025,5.52994,0.0236425,0.00655186,1974.74,No
1059,58.8025,5.52993,0.0215592,0.0066914,1973.9,No
1060,58.8026,5.52992,0.0194757,0.0068311,1972.83,No
1061,58.8026,5.5299,0.0179551,0.00706132,1971.78,No
1062,58.8027,5.52989,0.0165472,0.00731011,1970.85,No
1063,58.8027,5.52987,0.0151391,0.00755944,1969.92,No
1064,58.8028,5.52985,0.0140231,0.00729248,1969.32,No
1065,58.8028,5.52983,0.0129654,0.00692197,1968.81,No
1066,58.8028,5.52982,0.0119076,0.00655132,1968.37,No
1067,58.8029,5.52979,0.00890999,0.00599762,1967.95,No
1068,58.8029,5.52976,0.00552312,0.00540766,1967.58,No
1069,58.803,5.52971,0.00213367,0.00481824,1967.49,No
1070,58.8032,5.52962,-0.00022369,0.00533151,1967.42,No
1071,58.8034,5.52951,-0.00237653,0.0060665,1967.45,No
1072,58.8036,5.52937,-0.00453279,0.0068031,1967.51,No
1073,58.8038,5.52921,-0.00505603,0.00747661,1967.64,No
1074,58.8041,5.52903,-0.00525198,0.00813821,1967.53,No
1075,58.8044,5.52883,-0.00544775,0.00880116,1967.56,No
1076,58.8047,5.52859,-0.00522965,0.0109367,1967.53,No
1077,58.805,5.5283,-0.00492858,0.0133754,1967.42,No
1078,58.8054,5.52797,-0.00462736,0.015827,1967.54,No
1079,58.8058,5.52751,-0.0057664,0.0217462,1966.69,No
1080,58.8064,5.52691,-0.00720975,0.0284241,1965.31,No
1081,58.8072,5.52622,-0.00867092,0.0351791,1969.14,No
1082,58.8082,5.5255,-0.00895374,0.0393322,1969.04,No
1083,58.8093,5.52474,-0.00900347,0.043001,1969.05,No
1084,58.8105,5.52399,-0.009054,0.0467003,1965.09,No
1085,58.8118,5.52339,-0.00701712,0.0466242,1968.79,No
1086,58.8131,5.52288,-0.00454567,0.045775,1968.28,No
1087,58.8145,5.52245,-0.00205854,0.0449031,1964.5,No
1088,58.8157,5.52223,0.00205785,0.0409599,1968.66,No
1089,58.8168,5.52209,0.00649765,0.036397,1968.67,No
1090,58.8178,5.52198,0.0109357,0.0318394,1968.64,No
1091,58.8186,5.52192,0.0185289,0.0268892,1964.8,No
1092,58.8193,5.52194,0.0267274,0.0218468,1967.69,No
1093,58.8199,5.52201,0.0348909,0.0168015,1968.68,No
1094,58.8206,5.52208,0.036461,0.0150753,1968.65,No
1095,58.8211,5.52215,0.0367243,0.0140172,1968.67,No
1096,58.8217,5.52222,0.0369947,0.0129635,1968.65,No
1097,58.8224,5.52232,0.032247,0.0177141,1967.45,No
1098,58.8234,5.52254,0.026484,0.0235648,1967.18,No
1099,58.8244,5.52291,0.0207271,0.0293193,1968.15,No
1100,58.8256,5.52336,0.0206014,0.0323971,1968.63,No
1101,58.8268,5.52388,0.0215657,0.0349082,1966.66,No
1102,58.828,5.52461,0.0224697,0.0373301,1968.95,No
1103,58.8293,5.5255,0.0238745,0.0407728,1968.88,No
1104,58.8306,5.52652,0.0253362,0.0443121,1968.28,No
1105,58.8318,5.52772,0.0267262,0.0476928,1967.6,No
1106,58.8329,5.52888,0.0250904,0.0453405,1967.97,No
1107,58.834,5.52993,0.0229212,0.0419736,1967.81,No
1108,58.835,5.53085,0.0208176,0.0387253,1966.51,No
1109,58.8358,5.5317,0.0185731,0.0344822,1966.65,No
1110,58.8365,5.53247,0.0163408,0.0301262,1967.9,No
1111,58.8372,5.53312,0.0141565,0.0258691,1967.99,No
1112,58.8377,5.5337,0.0141799,0.02183,1967.96,No
1113,58.8383,5.53421,0.0146384,0.0178874,1968.02,No
1114,58.8388,5.53465,0.0150969,0.014004,1968.15,No
1115,58.8392,5.53494,0.014289,0.0119369,1979.75,No
1116,58.8396,5.535,0.0132638,0.0102591,1997.02,No
1117,58.8398,5.53497,0.0122577,0.00859344,1984.07,No
1118,58.84,5.53494,0.0114469,0.00769459,1978.21,No
1119,58.84,5.53491,0.0106746,0.00694808,1975.24,No
1120,58.8401,5.53489,0.00990193,0.00620054,1973.82,No
1121,58.8401,5.53487,0.00903122,0.00558566,1972.84,No
1122,58.8401,5.53486,0.00814072,0.00499678,1972.15,No
1123,58.8402,5.53485,0.00725009,0.00440756,1971.68,No
1124,58.8402,5.53483,0.00527898,0.00438167,1970.78,No
1125,58.8403,5.53479,0.00309061,0.00446892,1969.52,No
1126,58.8404,5.53472,0.000899816,0.00455668,1968.33,No
1127,58.8405,5.5346,-0.00139393,0.00622076,1967.91,No
1128,58.8408,5.53442,-0.0037128,0.00820645,1968.02,No
1129,58.8411,5.53418,-0.00603868,0.0102005,1968.03,No
1130,58.8414,5.53392,-0.00631326,0.0117582,1968.12,No
1131,58.8418,5.53365,-0.00617716,0.0132339,1968.22,No
1132,58.8422,5.53335,-0.00604128,0.0147164,1968.18,No
1133,58.8426,5.53305,-0.00528856,0.0161195,1968.31,No
1134,58.8431,5.53275,-0.0044084,0.0175056,1967.87,No
1135,58.8436,5.53244,-0.0035234,0.0188886,1965.1,No
1136,58.8442,5.53211,-0.00338969,0.0226067,1967.36,No
1137,58.845,5.53178,-0.00340804,0.0268043,1968.16,No
1138,58.846,5.53142,-0.00342903,0.0310216,1967.76,No
1139,58.847,5.53103,-0.00438069,0.0346598,1967.77,No
1140,58.8482,5.53069,-0.00551647,0.0381759,1965.4,No
1141,58.8496,5.5305,-0.00664086,0.0416447,1967.99,No
1142,58.8511,5.53032,-0.00736441,0.0463337,1967.99,No
1143,58.8528,5.53021,-0.00800472,0.051217,1967.82,No
1144,58.8546,5.53021,-0.0086366,0.0560138,1967.93,No
1145,58.8565,5.53025,-0.0100156,0.0570047,1966.27,No
1146,58.8583,5.53044,-0.0115262,0.0571361,1967.93,No
1147,58.86,5.53068,-0.0130273,0.0572261,1966.01,No
1148,58.8617,5.53116,-0.0116749,0.0580908,1967.51,No
1149,58.8633,5.53176,-0.00976864,0.0590327,1968.05,No
1150,58.8648,5.53246,-0.00788313,0.0598807,1965.31,No
1151,58.866,5.53326,-0.00766907,0.0591698,1968.37,No
1152,58.8671,5.53407,-0.00777804,0.0581738,1968.39,No
1153,58.8681,5.53488,-0.00787927,0.0572006,1967.72,No
1154,58.869,5.53565,-0.00679811,0.0542041,1965.08,No
1155,58.8696,5.53638,-0.00550696,0.0508986,1967.87,No
1156,58.8703,5.53707,-0.00424047,0.047676,1968,No
1157,58.8709,5.53773,-0.00226802,0.0432058,1967.88,No
1158,58.8716,5.53835,-0.000183848,0.0385645,1967.89,No
1159,58.8722,5.53892,0.00186824,0.0340157,1967.71,No
1160,58.8728,5.53944,0.00231754,0.0302156,1964.7,No
1161,58.8732,5.53991,0.00245031,0.0266178,1966.21,No
1162,58.8736,5.54032,0.0025839,0.0230808,1968.11,No
1163,58.8739,5.54069,0.00245644,0.0204598,1968.36,No
1164,58.8742,5.54102,0.00227851,0.018052,1968.31,No
1165,58.8745,5.5413,0.00210265,0.01568,1968.39,No
1166,58.8747,5.54147,-0.000955692,0.0126241,1968.31,No
1167,58.8747,5.54153,-0.00458139,0.00944943,1968.17,No
1168,58.8747,5.54149,-0.00821294,0.00628684,1968.08,No
1169,58.8746,5.54139,-0.0129625,0.00731275,1967.98,No
1170,58.8744,5.54123,-0.0179606,0.00918839,1968.09,No
1171,58.8742,5.54102,-0.0229976,0.0110818,1968.15,No
1172,58.874,5.54079,-0.0247244,0.012517,1968.13,No
1173,58.8738,5.54057,-0.0257899,0.0138666,1968.1,No
1174,58.8736,5.54034,-0.0268588,0.0152241,1967.99,No
1175,58.8734,5.54014,-0.0269387,0.0166241,1967.54,No
1176,58.8733,5.53997,-0.0268105,0.018033,1966.53,No
1177,58.8731,5.53983,-0.0266694,0.0194397,1965.66,No
1178,58.8731,5.53975,-0.0233358,0.0186632,1964.98,No
1179,58.873,5.53972,-0.0193463,0.0174375,1964.64,No
1180,58.873,5.53973,-0.0153439,0.0162007,1964.93,No
1181,58.8731,5.53977,-0.0118252,0.0143042,1965.33,No
1182,58.8731,5.53983,-0.00840468,0.0122751,1966.01,No
1183,58.8732,5.53991,-0.00498829,0.0102462,1966.53,No
1184,58.8733,5.54001,-0.00329369,0.00937704,1967.22,No
1185,58.8734,5.54012,-0.00194828,0.00873724,1967.76,No
1186,58.8735,5.54024,-0.000610089,0.0080944,1968.27,No
1187,58.8737,5.54039,0.00082227,0.00840548,1968.54,No
1188,58.8738,5.54058,0.00226977,0.00890201,1968.6,No
1189,58.874,5.5408,0.00371171,0.00939293,1968.64,No
1190,58.8742,5.54097,0.00067485,0.0104593,1968.57,No
1191,58.8743,5.5411,-0.00323985,0.0116447,1968.63,No
1192,58.8744,5.54118,-0.00714306,0.0128351,1968.5,No
1193,58.8745,5.54128,-0.00758249,0.0136971,1968.56,No
1194,58.8746,5.54139,-0.00733,0.0144888,1968.53,No
1195,58.8747,5.54153,-0.00707723,0.0152745,1968.51,No
1196,58.8749,5.54168,-0.00574275,0.014943,1968.52,No
1197,58.8751,5.54185,-0.00419655,0.0143876,1968.53,No
1198,58.8751,5.54186,-0.00266473,0.0138651,1968.53,No
1199,58.8751,5.54186,-0.00198248,0.0134258,1968.53,No
1200,58.8751,5.54187,-0.00147003,0.013003,1968.53,No
1201,58.8751,5.54187,-0.000957405,0.0125797,1968.53,No
1202,58.8751,5.5419,0.00173091,0.0114776,1968.53,No
1203,58.8751,5.54193,0.00485194,0.0102406,1968.53,No
1204,58.8752,5.54196,0.00797024,0.00900457,1968.53,No
1205,58.8752,5.542,0.0147448,0.00467389,1968.53,No
1206,58.8752,5.54204,0.0222437,-0.00027105,1968.53,No
1207,58.8753,5.54207,0.0297362,-0.00521104,1968.53,No
1208,58.8753,5.54208,0.0343082,-0.00887669,1968.53,No
1209,58.8753,5.54209,0.0382961,-0.0122872,1968.53,No
1210,58.8753,5.5421,0.042284,-0.0156974,1968.53,No
1211,58.8753,5.54209,0.040946,-0.0147706,1968.53,No
1212,58.8753,5.54208,0.0385423,-0.0129761,1968.53,No
1213,58.8753,5.54207,0.0361382,-0.0111813,1968.53,No
1214,58.8753,5.54206,0.0315905,-0.00751546,1968.53,No
1215,58.8753,5.54205,0.0266127,-0.00347406,1968.53,No
1216,58.8752,5.54204,0.0216322,0.000568793,1968.53,No
1217,58.8753,5.54205,0.0191205,0.00405824,1968.53,No
1218,58.8753,5.54208,0.0171036,0.00743507,1968.53,No
1219,58.8753,5.5421,0.0150877,0.0108101,1968.53,No
1220,58.8753,5.54211,0.0129098,0.0137983,1968.53,No
1221,58.8753,5.54212,0.0107,0.0167084,1968.53,No
1222,58.8753,5.54213,0.00849107,0.0196181,1968.53,No
1223,58.8753,5.54213,0.00532327,0.0225882,1968.53,No
1224,58.8753,5.54212,0.00196316,0.0255708,1968.53,No
1225,58.8753,5.54212,-0.00139744,0.0285539,1968.53,No
1226,58.8753,5.54211,-0.00286111,0.0295488,1968.53,No
1227,58.8753,5.5421,-0.00394547,0.030146,1968.53,No
1228,58.8753,5.54209,-0.00503015,0.030744,1968.53,No
1229,58.8753,5.54207,-0.00512081,0.0295055,1968.53,No
1230,58.8753,5.54205,-0.00501258,0.0278987,1968.53,No
1231,58.8752,5.54202,-0.00490413,0.0262901,1968.53,No
1232,58.8752,5.54201,-0.00381562,0.0245842,1968.53,No
1233,58.8752,5.54201,-0.00253091,0.0228586,1968.53,No
1234,58.8752,5.54199,-0.00124635,0.0211355,1968.53,No
1235,58.8751,5.5419,-0.00804567,0.022685,1968.53,No
1236,58.875,5.5418,-0.0164828,0.0248942,1968.53,No
1237,58.8749,5.54171,-0.024938,0.0271074,1968.53,No
1238,58.8749,5.5417,-0.0303092,0.030221,1968.64,No
1239,58.8749,5.54167,-0.0350794,0.0335329,1968.75,No
1240,58.8748,5.54161,-0.0398699,0.0368628,1968.71,No
1241,58.8747,5.5415,-0.0429878,0.0371756,1968.83,No
1242,58.8746,5.54133,-0.0458091,0.036909,1968.97,No
1243,58.8743,5.54111,-0.048681,0.0366703,1969.04,No
1244,58.8741,5.54088,-0.0446919,0.0330187,1969.03,No
1245,58.8739,5.54066,-0.0392911,0.028654,1968.99,No
1246,58.8737,5.54046,-0.0338488,0.0242554,1969.06,No
1247,58.8736,5.54031,-0.0284861,0.0219804,1968.88,No
1248,58.8735,5.54024,-0.0231083,0.0201112,1968.66,No
1249,58.8735,5.54023,-0.0177047,0.0182223,1968.58,No
1250,58.8735,5.54025,-0.0141357,0.0166427,1968.64,No
1251,58.8736,5.54031,-0.0109325,0.0151209,1968.81,No
1252,58.8737,5.5404,-0.00773038,0.0135954,1968.84,No
1253,58.8738,5.54053,-0.00297351,0.0113834,1968.84,No
1254,58.874,5.54072,0.0020773,0.00903539,1968.93,No
1255,58.8742,5.54096,0.00709988,0.0066923,1968.81,No
1256,58.8745,5.54124,0.0137893,0.00232867,1968.84,No
1257,58.8748,5.54155,0.0207564,-0.00240423,1968.74,No
1258,58.8751,5.54189,0.0276542,-0.00709269,1968.84,No
1259,58.8751,5.54191,0.0274555,-0.00552492,1968.84,No
1260,58.8751,5.54193,0.0258228,-0.00270647,1968.84,No
1261,58.8752,5.54195,0.024191,0.000110666,1968.84,No
1262,58.8752,5.54196,0.0172331,0.00807416,1968.84,No
1263,58.8752,5.54198,0.0092129,0.0170633,1968.84,No
1264,58.8752,5.542,0.00119613,0.0260477,1968.84,No
1265,58.8752,5.54203,-0.00201639,0.0310257,1968.84,No
1266,58.8753,5.54206,-0.00426659,0.0352,1968.84,No
1267,58.8753,5.54209,-0.00651442,0.0393695,1968.84,No
1268,58.8754,5.54214,-0.0054737,0.0414937,1968.84,No
1269,58.8754,5.5422,-0.00377779,0.0432072,1968.84,No
1270,58.8755,5.54225,-0.00208448,0.0449196,1968.84,No
1271,58.8755,5.54229,-0.00233398,0.0474831,1968.84,No
1272,58.8756,5.54232,-0.00297113,0.0502148,1968.84,No
1273,58.8756,5.54235,-0.00360817,0.052949,1968.84,No
1274,58.8756,5.54233,-0.00152001,0.0495564,1968.84,No
1275,58.8755,5.5423,0.00111545,0.0449349,1968.84,No
1276,58.8755,5.54227,0.00375327,0.0403027,1968.84,No
1277,58.8756,5.54234,0.0098947,0.0380267,1968.84,No
1278,58.8756,5.54242,0.0167237,0.0362271,1968.84,No
1279,58.8757,5.5425,0.0235378,0.034431,1968.84,No
1280,58.8758,5.5426,0.0296281,0.0346499,1968.84,No
1281,58.876,5.5427,0.035561,0.0352711,1968.84,No
1282,58.8761,5.54279,0.0414822,0.0358956,1968.84,No
1283,58.8761,5.54283,0.0439828,0.0360814,1968.84,No
1284,58.8761,5.54286,0.0457996,0.0361795,1968.84,No
1285,58.8762,5.5429,0.0476122,0.0362754,1968.83,No
1286,58.8762,5.54296,0.0500328,0.0381321,1968.8,No
1287,58.8763,5.54304,0.0525706,0.0403376,1968.74,No
1288,58.8764,5.54309,0.0551148,0.0425485,1968.64,Yes
